{"version":9,"hash":{"type":"Buffer","data":"EApjfQ0toPh9ByCEIvC5UDS1xCkiNY9a/DLTTXG/312SSURDJdNM1rbxgLaDkP/iI0Qj9rolBBe1+51jD6NkMK/6CSrRHdKmSNmLXYCs7jWR453RnW8m/g2TcHWx0xyAmcH0YgGwJ/mUUmwIxhknQ0gh50ysE/mpaPt5eTr18mI="},"indexValueMap":{"B0hf0KZEXDnfTE/M/FcbIZmDWPUA6cjsvOcmwhqzZk4=":{"valueMac":{"type":"Buffer","data":"4RgRWvG62sCzfgDfrwthdSg+yu7Uhq9PQQAK+fRhr7M="}},"CpO7VwC8nn6Sn3ws9Z7hI6gU9ql0r/Rwy3QRjA3wew8=":{"valueMac":{"type":"Buffer","data":"X5OurngZO+po3yCuEMz+6t+FcYfE8xqBKa+dkGbf5GA="}},"GigfUJPNByMlq/bTvLh1lcpxtW2HDJIksvWnwTLo2LU=":{"valueMac":{"type":"Buffer","data":"v0+zZJwOsW0Ma4u5uudfm6CFlH6QZ1vnI8U7BvyKFZ4="}},"HPWRUkTVRlO0zG65K40XoiPy1enn6l0CyOR+RaOOF+w=":{"valueMac":{"type":"Buffer","data":"ecSkHO0NCZlU1lZB/OpxLZRaV2l9EKT2zoejmFLkcdU="}},"HSlbJwiq226rL0zRGdaEw9U1eIxlMWwv9PgmTCJk7Xk=":{"valueMac":{"type":"Buffer","data":"gTcZRQVkL9ieo+oll6d3325579P0dYB/m4Dws9IO9hE="}},"Idsjqd0479ixghsytRhk/2NPL1RJB8yO259mjysqZrM=":{"valueMac":{"type":"Buffer","data":"kt3qrBFgebQ4XbJ8B1tufhh+2Iy4nDPM+qOqaTwNE70="}},"If5sEl7QPNogXrsrvrDOx6TxGXto73gZIdR/18rO7Nw=":{"valueMac":{"type":"Buffer","data":"6gdEdGFtlvek5EtAxNanggDebtffEzZB8YT410pmQYM="}},"Ilidhj/ba9zsO4o9XfbuTm1HXBwA+v7TAvM58hijhWI=":{"valueMac":{"type":"Buffer","data":"nAK8YqT40wNvWtyXjgaxWgicwkSgdtt6l7XObS/85dg="}},"JDbkyH8LHW3L+fd8AKQoIggARhB7z/G76I4Bl9KLN6M=":{"valueMac":{"type":"Buffer","data":"wwH0vgcac2CSiw2UfKbZE1qt7KmoQAzC7oWCooD+PUI="}},"N4Ayhwucw/U1LSnF6PfHsdBTI2XvQtHGElaYyy2Ow+w=":{"valueMac":{"type":"Buffer","data":"bYyhk+LWuKXonAXbRjkQAUyJDNRdvishvKppUoonFIk="}},"PdkP336FHNh9WJkJkYONyLPsYM15oDAlv+PLkFtUMA4=":{"valueMac":{"type":"Buffer","data":"CJ9nSXB1AwR/xq5y5oqX5a0CYvnCRg9Kai9unMZzG9c="}},"PvlICq0OlgtXrc6lDiAwdLiUP+EtuSmn2gM201DSe70=":{"valueMac":{"type":"Buffer","data":"xu7Xk8WtHSnxlZFVm8AIiWhnLIK/6H9OgRs0jpeNvHA="}},"Vt1tSgZ5i2ertgAkwgQ8bQnA9+TJ3699sweZldDXUDM=":{"valueMac":{"type":"Buffer","data":"zJ3qpCfnbuKh3nflthyCZI2q7lq9B6jm4Wink8xyWd8="}},"W7rqQ8MF7QeNWTMC4KOuutNhEPEQJDKsLDpZUko0ndo=":{"valueMac":{"type":"Buffer","data":"48wNujjPrysmZ61SoITpABpPJHClOJE6BWpEB+2veZA="}},"bDFHixrJXX2jr9RQK8oMz+2eBXomwlHb1Il+xw0nKNg=":{"valueMac":{"type":"Buffer","data":"djsELnyfybYnVF4OpHebC6X1D9EnLK+hY+yYtmqOScc="}},"cOx4RVWO8UH/VVSPQS37grjF4lChSz12hjiSTp52+40=":{"valueMac":{"type":"Buffer","data":"20URAH3cpCQNPnBvDzsYdQji3LeCdz3pzTRwWWPrN4Q="}},"eotQ6N05Y1ErECtwhIAVby3Fzfk5/qdivFZXcASu8Ig=":{"valueMac":{"type":"Buffer","data":"gFkTdfpUn1JeM9n7g52tk/Qed3lmfR3V7rHRpLdFxjs="}},"e0B3SduUS2/o+ArmWyho9GwM0tRWzvOmgVbk9orAC88=":{"valueMac":{"type":"Buffer","data":"H3+sU+xYr9plzQQqEEZoifLVqKM7OxhogjjRWEVw2uQ="}},"gd6s1P5L6m3fH3HnSUMGB3i3OFxCvbApPaPTuQCo5dU=":{"valueMac":{"type":"Buffer","data":"mphnY3Ssy/FfbQDde00+4/Wc3SuJ1mT7GthnynLhX44="}},"glRY8lbcphMxiwipP8TepTpjICJbr06d4BSkg2RKvFM=":{"valueMac":{"type":"Buffer","data":"l+28NQaFR6g+jkNScO+7qBDK0nBYrL1xc6PAORu/66Q="}},"hIVLLBoIJnTfICLX/N0mQO0QKS/RfmwZluqLWfnT28M=":{"valueMac":{"type":"Buffer","data":"tnZD+Jzkm2uIobhGmZChC0NO/gOnTzd55v/m0dw1dhk="}},"inWZvbmUrisgqoexNXjJeh10QltkunPinBmZ/acSk0A=":{"valueMac":{"type":"Buffer","data":"v7wzV2McQxGeHGLewmP+vNG3TH1yy9JhnoS3WwPG628="}},"ionYYr8CJdM6WxPL1hBwSX0P2CVIhb72C9PM0Stv0mc=":{"valueMac":{"type":"Buffer","data":"0XUz4l5elTQyHV7WF61xIr7v8rO/ArF1VM0mSrSbB4Q="}},"jZLn0DeD/rFNXxXu/zKhSwTIi2T7nJSoo7rQyAwj46U=":{"valueMac":{"type":"Buffer","data":"lX/QEx62ibPHpB4yslpTRMCf6N54ftrQl5zqXwwCh5w="}},"pomxSgYzvTp/21Lb3voTlTy/zVSwL9XOIuCXAXDrS2Q=":{"valueMac":{"type":"Buffer","data":"dYyJfseDJoPvc54j7cx2I8BDM8HrNuKTiMRJhFzRlXU="}},"qlaldvgXw4DPc20eJfYU5XusqHsPm1Sxn+IY2tsM6JQ=":{"valueMac":{"type":"Buffer","data":"l/073UqJzCeuoSQvgDZBP0EJuT9TqQVoy3ozHhdeYVc="}},"qmxjf4fwcuSOPjULCF03dXhpWbQ5pvSyV3Qtb3/T/AE=":{"valueMac":{"type":"Buffer","data":"BTNB/tQDxEOXPtpjYPG9wCkUswYzVFLrIETU2cFa2Q4="}},"smxUc5yHD0+bnLlX4v+nEk5UgYgZLS/o6oN7y3yei7o=":{"valueMac":{"type":"Buffer","data":"qDfYCTdXnUfK7wPxeZGOpRg2mhX+RuEd3jeZAZFjTKI="}},"uMazrc+AX3AZo9pWKeD1PGSTSVhBpW+JrIxEbKhUyNg=":{"valueMac":{"type":"Buffer","data":"zH5da8dZxslAjzSYTjoNpIyxRZjBB8gQ8BJzUc0aeoE="}},"vJdpQZgfgW09+pNhS4VNCzO3omyl8ToRFjUT7/t/Jv4=":{"valueMac":{"type":"Buffer","data":"mIpzFzJqM/lPtiJeo2Ras3lHODZQzJ4c/RXdutm6Ork="}},"v9sZKlsxU0NKXBG90dlhzHVgYmGfzqqEmAKWOB/17HY=":{"valueMac":{"type":"Buffer","data":"e8F5FkxDSjnLqhsJdPVrHo4SkOju1tdtkkCiLHnTHwk="}},"0wTIF0MGQJOsH6mJ9YTthFRPrM+8fVPPjNZBlH+Xzx0=":{"valueMac":{"type":"Buffer","data":"RgBJsfkomigomFDiRb07fsHH36fxIIRW1MAQUnusCw0="}},"07TUf0UodsunuviGCcEn/NClZMqXiPTXmhgP2qRh1og=":{"valueMac":{"type":"Buffer","data":"H6I0E1gaYdZPZfIZLly2helZeFxA/54xRED67K0q4Wg="}},"3mqWW/woqtNpyBUMM/jKWI5OhmNPOCBjTLH4WFiUC4I=":{"valueMac":{"type":"Buffer","data":"+eD8mLbZw37eGDjEB6P5FAIF6s8WluiColReKpY+Ph8="}},"5YUoqSRN6VGZoQdyatX89OIyOPpkPbWBHg2th0UNTVs=":{"valueMac":{"type":"Buffer","data":"C8bE8OJjRRV1+K7kINCO9xt3ZuWny9e5CaaKANmhvHU="}},"8ShsABv7cdnRURhvAh5nf+DsyMjzxumDDTX5EgzMow8=":{"valueMac":{"type":"Buffer","data":"ETkHG0zNpghG0Y6EWs4K2AUYbzAxNwJf2QvmaNnIvB8="}},"S6rVAUjd/4wUc4kcWWt+GqyvFqVJma1XOvgM2p05vyY=":{"valueMac":{"type":"Buffer","data":"YFSTJTWeBJ4Yoh9rWCIY+9bTBHWDHedT1w3krF4SFD4="}},"hQpDDrGmjvA5GX+52rkDJl0iDHC3dFXyWiRMGX12mzg=":{"valueMac":{"type":"Buffer","data":"IAJKTtqt2IfNgy4aIJKJ6yh1+iv9dINKQ6UQ9GuF98I="}},"GpUmwfKHXJ3n4F2IqRIDyB25wS6baX0I2+WDMxa6d7I=":{"valueMac":{"type":"Buffer","data":"Smvpiks1pxm1gRzm7Zezws5HHgZhL8XH/gz1INDMyWE="}},"4uTAopigecVYDaVdMWO+s3EWIhjmZVhEC6BSoyJoLVI=":{"valueMac":{"type":"Buffer","data":"/jAuYWIfGyDoirsHD/r+8U9dWtN0/6QJhDyELCM42/4="}},"9D0L/AmaKEah1A80FiNntfDgJefWsim8AFTQu2UxkTw=":{"valueMac":{"type":"Buffer","data":"vWpNKa0eoTB0frI4FDRbfBFmMUQPMMYRkM80lBKoMnY="}},"hvxzjQU9NQMD/4Pa0tWpyXuohoNlOGnXQWcfvUXoN6o=":{"valueMac":{"type":"Buffer","data":"SGt9GGjU1e4jEJUVv8FgPoCw785QmWp4nmBGbmBFP5c="}}}}