{"version":26,"hash":{"type":"Buffer","data":"Wb0rW/hoQTes0wE6qKkuNcMnBtmd2la1loJkDC+JrqnThckit/l5+xcdAYOCpQn/SHc/NnDTXOY6bzUlXWTcSNowktOhJHwmckSxlWe/GbiNFOczANzcfCgNHDeqymTLYC2YGQb49pqU07CKIkvnJbRXDfvem3lWYTefPzJkmss="},"indexValueMap":{"AF7tCj4AmaqNmt7NSbs6Wzgq8xSvaFTfleSun9Tk3O4=":{"valueMac":{"type":"Buffer","data":"RTbCz/BXXYXZvp+d3tp2qgX8N6I3UaJ9ozv/1C4ifdQ="}},"AbUKZ5+1RcW6ESfHRGtou+R8E3kwdfyfsbb150Hwxmo=":{"valueMac":{"type":"Buffer","data":"7FbiUrxu8myaF/X5QsO8YbDLgWgWH4BLHj53pMJ6hvM="}},"AySKLw9DEsx4gYVoJTDMjErqHcskjkjTh1qlaPmc4lU=":{"valueMac":{"type":"Buffer","data":"lF6QVNX1r6iVQzl2s3dmud+vPMH0fNhdn8g0HfCm1CE="}},"A12KSKg51xgoHDIHgelQ7l/D0IpH3UoXaW5cn0Ke1zM=":{"valueMac":{"type":"Buffer","data":"DZj3GaQNofTz1obz1ZwvOI7dE3HtZOQ2lnqKbd4fO7s="}},"BYW5/02gpJ4vI13/0+RF9xNuZe0//7KlbKXXHb28z0s=":{"valueMac":{"type":"Buffer","data":"C1AVaVbeex4BpA/DbWulhuKwn4JrOFQjSuObaNa+Y9Y="}},"CTTedcj9cAd1KtEPQD1ZERrFPkNXtzyDMpxF+xrRxnk=":{"valueMac":{"type":"Buffer","data":"HjDLQeBUjuCmVuDAWCuf8Bxah2kQV7Cqy8aKNWxWUNs="}},"Ck7gWywJr3VHdTlZZf1LXPnc+k3GK9sb+ofhAacgWgE=":{"valueMac":{"type":"Buffer","data":"1TQjwe9ZnjdvrF/FcDEnCffKKWDNtx2wReMtsUVLnoc="}},"C8jxFfFwEYzs83arlSPmUrYXqtnRIrIJNwL2t2kXrxE=":{"valueMac":{"type":"Buffer","data":"DEyhBhByJDrF3NhUgXEMXUcVZdRYGk1yf9KoItPcuzU="}},"DRQJ6Ei5uTP4GIuSt73D+O1sCFWnmtIKnZ0CoVE3H+g=":{"valueMac":{"type":"Buffer","data":"Co0/xjhsqeBkUA2c8i611lo1rBoJsajqxGOq0l8qrTU="}},"D5WQfRB9t7fAiAWPjN5PLBZyNWCFfxfo+tFt2UWyzmc=":{"valueMac":{"type":"Buffer","data":"jQ6l6hmUaf5FW+DxiRMRb8977LRPORMPa7xPCXyszoE="}},"EVRATWktKNtoVVg1ri5NknPtqbibS8VMr6UbEr8TodY=":{"valueMac":{"type":"Buffer","data":"bCwGfPRcU1OkjQ4SD8jD4Pbbw39cyn+nFMEF5fQD/2w="}},"EV7iD1XxYfJMnWvPmca3jzQobKxCKvIX4wpO8XcW21c=":{"valueMac":{"type":"Buffer","data":"qU6qIiW7mtKn7aEjN6C+C/Qa/2tr1jDTwlW79ArLH9k="}},"EfQoYJVeMm0EPQzS025GpsAw/7xblGJ7usr1JmpfWoM=":{"valueMac":{"type":"Buffer","data":"kJXVboZqxcQP7q2/mqpCf4qJFwfgKVukdB0Gp6gWVYo="}},"EgLXf12wMp2RCVnb+l604dQ/q5o9DT8un8bnYFt6B/0=":{"valueMac":{"type":"Buffer","data":"cKeVc03GKu8NYqjPjbSSCpQ6N20RQE7F4bpnrly1Wdg="}},"EtB/HsebLLaF2gv00SGua2zzBEl490S2OVanRWu0dvc=":{"valueMac":{"type":"Buffer","data":"3SykTPotbS0aqITnfGecVxLhxPPIQu4ifiTOy6U1L5Q="}},"E04H30nVu4Goac8mpMbzd1QHBxwqz0lI/iUdyia7HT0=":{"valueMac":{"type":"Buffer","data":"mPepZdeyrGeUkCAKg1he5miYqsxKNwqcLkAMr1MevaI="}},"E5tD6eQR1RuqQ3HO6hlpQOjizRsMRbv1JgW7fxEAysE=":{"valueMac":{"type":"Buffer","data":"KmQMdtxSOEyxdIqebN8OT/5QgYjhu3psdBTP0G6Zd6g="}},"FCW5KG9Z13gk2jS3edya9zX/HZIjT07zXA6FxtJnCmU=":{"valueMac":{"type":"Buffer","data":"cC+zhfSaWb2+mUtX7cYe6sMqZFMLosCuyYtoW5GdXNs="}},"FJ72wtUjmFaF2IApu/eY9I8aDyH8N1sgBryrsGpXxq0=":{"valueMac":{"type":"Buffer","data":"olYArbguNYceefaKDK3AFnVCbTa2/RzKyyEXssjuMyk="}},"FSiAmQCiGsQkdrRZRGEym2vIUslFNZ2viY7/FM16RmA=":{"valueMac":{"type":"Buffer","data":"iIGCMfnBVrgr3/e6DKa2M5ZNAvWwqyKVKKaT2I4pUnc="}},"FdqcIJvJeRXyNfhBQQVlsutsm9UWMkrwPuSBMhT4WlY=":{"valueMac":{"type":"Buffer","data":"DwCVZJ29B2QUCQSQf7UHP7J/evUZFUAHYBChHBGwW/Q="}},"GMHTEj/6QzCdWq37s64Se4/ARGrn/8IXBkl5ByNQtx4=":{"valueMac":{"type":"Buffer","data":"yufe007nyR2hX2XfcNVcRUq9EjMGcB7NU0abFDARLhQ="}},"GQSXGii4G2nvcnv0qw5d5aRxbHubEMgrq0FNwWnSlHM=":{"valueMac":{"type":"Buffer","data":"pY549W6ck2IAIdMHPqBDtRlzYU+Z5IiHgtQzMGu4grY="}},"GS9AcLRhxqbQQ9IXveYWGnVCL3T4gCEoOSOLOsa0qbo=":{"valueMac":{"type":"Buffer","data":"GCbk7qi29zRMNjojqHK4kuf2KdWvXQ0dj0Wfq1bFo8s="}},"GWxqstXQ2HSFgGLFi9XSUP1kXegZ3lzDGurkwUWr8DE=":{"valueMac":{"type":"Buffer","data":"bP41AX4+TOW16cnp1X13UsLmPJ2vVdpbNxuIYBDPg44="}},"GYZJ8hSwygR2ffb0ZSdKw1H9c3EImFoaTAxhYhKR1nU=":{"valueMac":{"type":"Buffer","data":"xXEj+wSkzqjgbMpN3yzGx62lD7qYh1U950YRje8PBxI="}},"GmX4Rm4JwE1kkbdiJoFZzjZVAwDfzk9ASc9iVOzTVe0=":{"valueMac":{"type":"Buffer","data":"jc/Jxs2KHFzOZZm/i9WOXPLRIcU1vtXsivl4G8TtPYI="}},"G7EMwDpuTcAVRcf3ejvC6KFum8f+yqBk/z/8MX9kyuw=":{"valueMac":{"type":"Buffer","data":"YhFST9aHqY7dEvziTP2ReJLV8rf/NH418YPO7+fLZRg="}},"HDeXQy/HVqPMKnmsLPtgmRgQXBvMHkJfTJZMp4e3su0=":{"valueMac":{"type":"Buffer","data":"eGpLEFRZ1HRoTkAipXWzG3O1dhK6DLr1MG9Yp5fS7cQ="}},"HPgDaSsdI8gTL01M+u8CFX7hGB0SjXM5jVqJpJlgXNw=":{"valueMac":{"type":"Buffer","data":"5Y28VSYObmTT8UJUJ1fR8SnAf4KjIyK67GML7ovmddE="}},"HV93NP0JEK3QPGjg/xIXmKgwSFC5JzuH5ydhfP7to7Q=":{"valueMac":{"type":"Buffer","data":"VKaGZg4O724UkYQOC07YCBi+UQMBkGJQg48uoG1sZc4="}},"Hzbk9OZjlkAGTvHcLl1sIFXjB5Ku/7fJExayALzVL7E=":{"valueMac":{"type":"Buffer","data":"IiSqkxb3qqrje34LaQvmtFIyylylD5g5IBBOdlBLkxQ="}},"H9j+k4UByZanxjiIljn9fUc9ZP7myctut2SeyArAUXo=":{"valueMac":{"type":"Buffer","data":"hd9Y42TzY2bsoVNdC/2k+4jcm82C6R7pKhj+jH+zJJI="}},"H+4rkJXicsJf7kQGAXX1++zMezGh+PiSZoIN65atgFo=":{"valueMac":{"type":"Buffer","data":"28V8MgS2vhJxH35Zm0ojphoiW5zkioWWfkfAWp1tjNw="}},"H/01LKaw95G2pdn3fOkXi1Q1Z6jGIep8YmZ4JHtzzjc=":{"valueMac":{"type":"Buffer","data":"OqzjT/GJGTbzI7QNadt6aUSsAelkJV0YpkBU7EacWus="}},"ITO0JbQ6+T/1+PFQNVR/UyPTFninjPUmidnJwwSe/ho=":{"valueMac":{"type":"Buffer","data":"5OW67ieKlfwrztZKYYm2VvCIenz3fMMVxtbpBvMF7sQ="}},"Ic5rYlhPhdhfGBX1Evu9EchTKDBfrYj501s+PmZNcxA=":{"valueMac":{"type":"Buffer","data":"EuXfNNQgKkr2DTwcU7ASIVAnt90oy/09hYmHqqs0owE="}},"IqsgzoeD4bQKiFi1wiBzcl0BZ/vN1etFSPeCctvHQ/Q=":{"valueMac":{"type":"Buffer","data":"9A8R7MxbSzyfip8zhia7slG5uCI5IRN/8bqNgWwlL3g="}},"JDV2UXs7+/RAYBsTpdD7tSN03Z5JMuaXWLD1eiLPUHs=":{"valueMac":{"type":"Buffer","data":"PDONP35Q8xoS/FnGEsn9eagCyKo8P/MMgLiBScUcjJs="}},"JZW1//SyT2EBZo5DTFxe81UF8Qp+YpVVek5RcPi/Sis=":{"valueMac":{"type":"Buffer","data":"XpxyF6kBiJVNAhf24Nyg1AL/OTJ5WrmO+b8JIbl8yms="}},"Kqx72ACbdNTJXqvRRiah6rSSjVfiKKVR6sg0ev52ye8=":{"valueMac":{"type":"Buffer","data":"5GWu2nZUvLDeWF4K+xfmwFMNtA8zJX1tXLaJecpneyg="}},"K8xF3btUo874a8UahU087X/MZs1CDhI1lMOAEGciTRY=":{"valueMac":{"type":"Buffer","data":"heq0LKB6Xsq43atFAmqypNADZgqhi1l5M1ua0IcQlDQ="}},"LKgp2b5syy1IcQ/lmZA/TNNyNMt86sRt4/FHI2tEQM4=":{"valueMac":{"type":"Buffer","data":"ZCyZa3fgyffTFjB+X/tAJkgDJM/7ank7S1sECwKBp4k="}},"LQd9/8hxe+iVS6zdSDEG1XtKFt3T3mQlQq+hn3znhCA=":{"valueMac":{"type":"Buffer","data":"gtWpQ4QoIk1Mw5it1Po38nb1IawE9oPiKmCMspSpar0="}},"LQj0tHZWmR5MOMtxUco9F9piHrVz0ER0f9/RcZkBlrE=":{"valueMac":{"type":"Buffer","data":"NymSzko/3/zcOZh3ET81U4ZwUNksHxBANRDqXMYIN0c="}},"LW7K72juVV2w0O2jtoTfeyJOEB7TL6o49RyrWaSYKVA=":{"valueMac":{"type":"Buffer","data":"v4y9b4TeKPrrAzjYkmJutJbWOFFc6qPJJCfEv9q37HY="}},"LXoTPC7kHX0kFpxQKENnu7c/xBVAl1EtFDLeKRaA1y8=":{"valueMac":{"type":"Buffer","data":"mLuGh0IUNEV6GbpbR+WAub0O5xBIlF5wXThEPhyd1rM="}},"MAyvn+5PYxhMmsnPMcflqW4tSL3NAAOAOLrAlDzQzg8=":{"valueMac":{"type":"Buffer","data":"iwLYZcG6RvKxGeM7ce+i/55XshLLqSoAp2k8GkEhUoc="}},"MId+YBC5fiES7jp0EkZuEtjGgRvnooOWsvWgunr1SMw=":{"valueMac":{"type":"Buffer","data":"xN9fJiKjHVeaqK9LwsnmQ1Xl6W9Tee+TaGTy2EnVF0M="}},"MlswKT9/e6ZlQAJ44IkTdFSm0bBykYuLZG/7SRtnpts=":{"valueMac":{"type":"Buffer","data":"2tMkU4+HnSOwWeCzFwHdkLSqmYAGLtN7S+olSv4YMII="}},"MzICVnpcTPn94LnIgEpK4LpP/bM8oaxdnUEN5YAn/L8=":{"valueMac":{"type":"Buffer","data":"spsCyrdbdjAdWj7CXE3W2xzvxGbRlP7cQ8IWu1qQI0k="}},"M9nLasDufQQ+sBU6BjoU/4Mny3RWNYHoWHLkExDxW4U=":{"valueMac":{"type":"Buffer","data":"pr9niGK5euFd1H8NY8m4EKrEK9fvrXDoOh6Aw8rKEHc="}},"M+mixS5L5OvmepNulWVNf1PxfaT6gP4QtZsjAFC6gLM=":{"valueMac":{"type":"Buffer","data":"E4/okjE3nAAnb09EEEd+4sb8v/YoK09snVYKdKOTyLo="}},"NAA+f9bFZpwAyen5XCFJyxvFBGueP9D2kItVOlNBrYw=":{"valueMac":{"type":"Buffer","data":"5hoNYk+Dz8AJpwgbVxwO80jD4e1ifY8E7M8Qtd+H37I="}},"NFZw2+nTFY/B6uembrwcRMkqSDZmalrjOyHgqSMgQMs=":{"valueMac":{"type":"Buffer","data":"qgfrt3a3VCgx1NI3iSNq8mX4Ls0tNJsswkCKjnLBpzU="}},"NdSMysK9SYwR3Yls2tTh3LEphk8fmbxxEnkG1WqmqGI=":{"valueMac":{"type":"Buffer","data":"dKMfhQdUBLF7l0A48ceub6dguASD6xHYO5o9Vlg2Q/c="}},"Nl7L8zF4Kd0pC4EooXtV+wHxa13SSlyOfxRHIkHsrxI=":{"valueMac":{"type":"Buffer","data":"csoH0kqYb/SzgnqDyJEq8tE4DIN2FyCMkH0zY6fq0rg="}},"Nn5tFX8xetXvSc2TV1AiygLteXMqwor6YZFSIciAAuQ=":{"valueMac":{"type":"Buffer","data":"JcsuByfw1LG/SYFmZ3UZORe1drA9b61y7EJXmAUofvg="}},"Np/xoGnPt4iqfs9VsZnP1Szm4v80G9BHKHucT0flHnk=":{"valueMac":{"type":"Buffer","data":"4S7vecKROylQPht5phVx8hpl8eMNkfPlxEwwfQ8CY2U="}},"N5xydaGZWkuAzp+ewtZoMCr3X/Dc7TnqoKvac85spg4=":{"valueMac":{"type":"Buffer","data":"3O8M2Sbbal04ZXq8DPuCBtZal5ML5GNAy+GKcwknJPk="}},"OUT+chlN2pER0TocbSkkaCfuBQC+lP0CN7a2nPFcR/0=":{"valueMac":{"type":"Buffer","data":"N7E3qmHslpHam0ab5mPX9q2YYPPvC9uELWfNRNn9VJY="}},"Of+BfcCcQW9PNZoJ6dWDPcvkS2JqsKAd6Gq7soHl120=":{"valueMac":{"type":"Buffer","data":"myYskFd5x2SNt0ep4HHhd+RMzBSHqf3j4fb9pENW/jE="}},"OrwSRrRKDac8fm0hJf/xf7omr8AKYB1A6TojTVkMGe0=":{"valueMac":{"type":"Buffer","data":"7Zrvk0NSVEVZZIc8UU917vXd/mSmqb2iADYPL6k+amI="}},"Or5GRHRLivqWjCVCbOAIk7Jx6GBfy81kX1ACFuRLCnc=":{"valueMac":{"type":"Buffer","data":"9GUeRZ394iO+L/clt9Zw1APcqnA9TCnKBYvrSKxk8Uk="}},"Otcyqh0e0rXP0Sth5Q37KKOtVX7EFFPK+qC/wzq40e8=":{"valueMac":{"type":"Buffer","data":"8L74AmkFhtUGZorDWYRT2siN145dGyzMneJg4/Yye2U="}},"O+dpeHDiIOq4aWw1C19bAM1y6CjlWccHkyZ1Vt8w+CM=":{"valueMac":{"type":"Buffer","data":"7R6EIY9ezNCfK1u8CgkftEsYXNz6lnYiymu2tBbNHR0="}},"PIxiI8BBvRK/CSEA4r0oNpoiAcRQHZlbLRm2V/QjoNM=":{"valueMac":{"type":"Buffer","data":"84a7HIvpgg7OcjOJh9AveMVQAXwd7YTCDS6GPFGjuoc="}},"PX4yojxu+vuzkS/EZ9VR/zjd3OxrLOL27jUubIvRuvI=":{"valueMac":{"type":"Buffer","data":"gw7yr+NVXGFng6I2TwbuyfMOLNCTLwfTwCDa1shQJNI="}},"PkbzgMUcJqyaDmryHmzZ17i0b/nghtZoHeG2/HbQtPw=":{"valueMac":{"type":"Buffer","data":"fuX9yeobLg2MYZUHI8lDM22i77jROLiCAt7Y3RKTqwo="}},"Pk8CaPf48IJekR/o4XsZCFZZ3jEf3XNNjthf+aCZQOg=":{"valueMac":{"type":"Buffer","data":"+Wbw61el6Vm5C00PVAW99ufG5UEr+65BUCYAkTQvw7Y="}},"PzpQjOj0vXZQhyxz5J3WeaE9UijIlNUCV/8Bi2PzNnE=":{"valueMac":{"type":"Buffer","data":"VccaXkdEOITK4XdF4FaHdRcFovs8GKmCfTPoAohLc6w="}},"P7cMpVpTy+Zsz9q2EIdo3LDpRoqoNkiyKEbaicDqWdQ=":{"valueMac":{"type":"Buffer","data":"/mY41hHqH0b0zfMyI3pusfcFUSWMlfrGNAyX4zi1lP4="}},"P+S5KC+WYqMelEN7LVDx+WEdnIj8XtVChwxEgs1S3YE=":{"valueMac":{"type":"Buffer","data":"/aO8AKk7YWDdsC0DmSa7EBi1XdpHka8plKm2+FWThdo="}},"QCn+4pIgGwHrnfQRYZtQ7gIvPasU/R11nMWFFFC8fOQ=":{"valueMac":{"type":"Buffer","data":"/cRdB30CdgsHMeQIJRlHRfsLRhgLQ1i1HoIC+Sv2yCE="}},"QjW2TxZ77vmVWVswOwVtJ2c1u1gydUzItcHqINhYXqA=":{"valueMac":{"type":"Buffer","data":"V+7q6QRBUZT++NH7/bm+JXEXeHAfTuNtRwS+K2Fi97k="}},"Q0ILuTAFAIx3WH/YwLbQsEPek8bbq/sTEweu2mmx9WE=":{"valueMac":{"type":"Buffer","data":"TCqWLj0KD0p6ZnRoCnsqutu0GaFoChZgLaP8AMXVqzE="}},"RPmbeyAL14ltgFlnGfP+au4X0mYxpYq7NabwGZcdRFI=":{"valueMac":{"type":"Buffer","data":"uIyahTf+KlGB748sYja1bJo9UDY2SqkaX3GOsxiICs0="}},"RmGXy+zO8MnbrtXM+/FcOLupYhL2v5/W208gnwmCEug=":{"valueMac":{"type":"Buffer","data":"jZbp7avCHT/UhBvdMwXDM3fdyeWS99J1CTLhKFXuRkQ="}},"R2e4CYJPegdacth2xjfe2cqHCOzXVFHW+EA4PbOUjRo=":{"valueMac":{"type":"Buffer","data":"T9St6yuePOvqbMJdRO2G/5ylyb9tt/V7V7SIJRHpOQs="}},"R8+wZuFjZPMSIjlU4k6aWdVS4a1eWRJFucBqkGpkYOY=":{"valueMac":{"type":"Buffer","data":"jR7Ip71DN4y2RyFEUc1/5wgWR0sS7d3/sALaKq7YwBo="}},"SQIfsJCTFruwgFLInkEzsxrhTUpAlbL4m+c4Ta2WqAQ=":{"valueMac":{"type":"Buffer","data":"wtq5Ji/b9izj+0AxymnKwZPfeJG1TBsIjoHVmblR1UI="}},"SjEQZFzKwvCxLGWkIFhq2DjHLMNNkYx08lhzLEnwShs=":{"valueMac":{"type":"Buffer","data":"4zxwtAhxJlqH6SwU+7xJxMOUjN5s1qO5ZuappqHijRk="}},"Ss89LOZyI/e0/6a2Vjr7JnecmCVh+BPaeXAz7yOAnEU=":{"valueMac":{"type":"Buffer","data":"WgyQMAa6iTZHc/cmMRUNqmdWGRhGdAKm9R6NUKgEr6Y="}},"S4t4KZjD/bDETcXQ+kTU5fy/uErbdLawOiL+bwNtyWg=":{"valueMac":{"type":"Buffer","data":"qkp92xPoPIhysuDSTkv9QpwfOkSU0o5Fh3NFM/bPKFU="}},"TF4J04lx6dyDh7RiYZS0qOGQtovFWd5mq6mvTWcpiww=":{"valueMac":{"type":"Buffer","data":"nyXfzmB64NA/aj/lGtVBkxLoLQHpIIQZsp4pUYYKR0E="}},"TG48kqAcrisi9ZLfJRQkqE1eI9AhEPtdoGzQsB8hlvM=":{"valueMac":{"type":"Buffer","data":"Rwyh07npWFRAAQsbqVDQQrhoS6H8Sd6FS7mt20okQCg="}},"THyb47eHMZaUIY36rAju1eBrEiZse0U5ecrKuB84i+M=":{"valueMac":{"type":"Buffer","data":"nvZpKw6aLJVBRpp80x5FZS8sHPYZqgi+VHzky2zZ/Qk="}},"TWprHZpZm5/kML1nVv+/Rr7u6g0HCjFryYbG8udKk0U=":{"valueMac":{"type":"Buffer","data":"qhITQS/CmIntmYZeWLI0zh7ErzYFlBMRURuQR6bJFFU="}},"TkXa6eeqdibiCD2YJHsJ5huL7RAGoHa7IpaWW8RQ2AY=":{"valueMac":{"type":"Buffer","data":"5OoM9AYHnCxoaggyeq3Th3qzZ7v3KugsZClQrgpOzA0="}},"TsLtn/r0GaFKpexNqB2h75Hh9Km9OmK3i1g1tfpVCaQ=":{"valueMac":{"type":"Buffer","data":"EyT61++PzQHcgd3XaT14QLSpclS/y4UpZS+jpu+XsRc="}},"UZcnlz3zY1JzNm8sORRrZJp7aCSLlF+OA/6a5QLmcB8=":{"valueMac":{"type":"Buffer","data":"0YcpvNlgJxS8kzeu6vG6sdyDmheDfbC7YrK7TesSmws="}},"UhGSg0jbem1jA2Gljg9LoIb9Rb/vLYoTSOWmh3YYXH8=":{"valueMac":{"type":"Buffer","data":"LbGiERQUksMlcYN8YhRaQKAjlOFUAtvH2RO1QrkghqA="}},"UtfPIrZ2K3kDpFQo+RO9B4vAEX18llk6FC+AgVMDzq4=":{"valueMac":{"type":"Buffer","data":"qR9rjrsk7MCFa9uh+BrYwUlR6Sg4vgO0F58mfRRktdw="}},"VBL5N0n4nKFRs7brQ6cwNLR6t6CID8SxbmoRhLjqtu4=":{"valueMac":{"type":"Buffer","data":"PryyFhlmOGd+SFRgqh5OrCtAWSq/E2qXjoIkNyrKbVY="}},"VDFn0/breA8SbDJHIiQRHKXGM5Lhcla2PGMmvRfw7V4=":{"valueMac":{"type":"Buffer","data":"YOPQn4xS0ZCAFtNvYxCxmiT+SlBbNP7qRS4JN1H7xtk="}},"VEr+wPL7w26TlFXVckhlPA69xeC2U9J+Mkcr3RvUysY=":{"valueMac":{"type":"Buffer","data":"07UDLRAz1We9wuUvhh4oswXT8J14s94LRL8PmF1c+k4="}},"VGpPFxUuKwBLDauYz4Pmkf8wyjDEzsB+MGFHC2GkUOE=":{"valueMac":{"type":"Buffer","data":"dJFtsxdORggg313zOBx27/riID4kiLWPK/jO7s28GRw="}},"VKlhJFk1PC7hK8t1kB8zCW2ZMtXgW2TptMwZXxtK7eE=":{"valueMac":{"type":"Buffer","data":"gGray3Ysszy/ceawjwkQiGiEnny2IHOq6Q7YjrvnyNk="}},"VUkQTxs7VGCVIYiMCWwPtbRC5elUcixSKIztKcXjWds=":{"valueMac":{"type":"Buffer","data":"q7eV89DKybPED8ZVyq668O/3yyGImqq7wY0Xfr+uswE="}},"VmSL9MoUr1FsdWh0FR4h3zvRwsPleh12UysVSf7bsmQ=":{"valueMac":{"type":"Buffer","data":"B2HPEQlxxrbhRjVWRdzqnSky0G6wtexY2S3xIeUreF4="}},"VxZt01vKQddBEAfGr/ymzXCYTJhZvsdoAS9fKdpX5Kw=":{"valueMac":{"type":"Buffer","data":"QIBiU/g9v8D5ZH0KYtuhYu3RZBsptWFaIFOMogyMyVQ="}},"V0Y+NpnLFczBp95BHGVhJ8jZ1cKRHS+nnMUgfqNSJfg=":{"valueMac":{"type":"Buffer","data":"eE2gQ8AxVlX2ZEOc++Vh8c1blX2tLLHLtbwAUp5/8/U="}},"V0fvnMv40YQ+3wDV9hHBul+k77MNMNV9Rp84Dr8L5fg=":{"valueMac":{"type":"Buffer","data":"4dKK8GsNqgQ7WzzzcwHrvyXdIbGvLDZ8wTwb9heHaQI="}},"WHl84j43O6BV8vedVSQeX2tnWOHb5WKJyBKumCK4EU0=":{"valueMac":{"type":"Buffer","data":"54Z4p5QdPIDtmXod7iKDGqKnGDMczpJf9ia0Fr2Cm28="}},"WTKeaZUf2D1cCbhUEJ2UjJ+yKA6kh8vFZ28h5nZcCtk=":{"valueMac":{"type":"Buffer","data":"XwPBx5PUuydvGvHpX4pY4Dkazrbxp4X0Ekui3GnJDyY="}},"We9eQiybmKNzjjAJ8omS1zgV3AUIGXgqkd5AujJzaGc=":{"valueMac":{"type":"Buffer","data":"NshZatptQVzGJjDt2++aoy1JI1RCxfFe0kJpC5hyybU="}},"WtfC7IOpF4WXfoSnDtzJl7QV6yIj1SqvWFWqCi73/RA=":{"valueMac":{"type":"Buffer","data":"KUmTSzc1gynKTugYUPt/Bvjj6nZ3ZoM8J9yAYfq8CcQ="}},"WwFh35Ia/7vm2IEGFLgaAjbc2my+zT/UWChd2EiyawM=":{"valueMac":{"type":"Buffer","data":"IBposUFPDxJO2X2gjUvjkvW0/C6KtPjLQjMrRl5tj+o="}},"Wyo/BFEeQkaoIWYXHTx+N5cMRObx4fglynWqeWPTdqU=":{"valueMac":{"type":"Buffer","data":"LqVfD/j0oXmhw5cxTaHg+u0g22pZsNC0vK1zXVerjjA="}},"XGaA3NMO46TlL/5FCPgexTi+S8H/6TYTmHiXLe0Ubfo=":{"valueMac":{"type":"Buffer","data":"J8Q4XHD/fwox9VTABnwZPDWNGz3f9kLwXBUP6CbC/xE="}},"XSRbbTAx95K6BwZwkYpTurNJyMQmOwFTbmyRs185Fjc=":{"valueMac":{"type":"Buffer","data":"bjzgtNS3x+Cp5R2gWzSYmOCxABibeExZM9NeSGx/ixE="}},"XiJZSV7+9y+pEGxZcLg3dYlO0gOSKEzcPldIFbDd5Fs=":{"valueMac":{"type":"Buffer","data":"uCX2QJIaRRH661V+2PnJPymgnlFlRQlFvDC8xmddMl8="}},"Xq1zgkPc9WBVPH7XSsMUal+4d95+5aL/HQOc6gyaVU4=":{"valueMac":{"type":"Buffer","data":"PdFh/fZfhn02UCdjOTBQwSQiChviXpTejOTbZwrws1A="}},"X8jNZz5myEVxtFjQYLId+bHDgw+FkDOJmc6KPRjcLh4=":{"valueMac":{"type":"Buffer","data":"/Wg1AF+LHBCd1Ecn5VITCfe08unRLn7eygEY8/ptzQE="}},"YULeiriO0cbpXe7/V4dzL4ZB1MELb8lCrBt9RpzrXF4=":{"valueMac":{"type":"Buffer","data":"mi4tsYGpDV4N0AZHlv75GgUuGKHwDhEh5carmL01DLs="}},"YmgUI0etgTQo0dzpuTLt6RFQwfHm6v7FlglwnM3tkgA=":{"valueMac":{"type":"Buffer","data":"Mwrvxzqcvsw4A4MDe8mNzllHoCcS+GIsC2iVkc0l4JY="}},"Yz4/18GQcxKeXz4l/u55OfOIiErFft1wynvT7PRob/Y=":{"valueMac":{"type":"Buffer","data":"aQVqf+g7ga/eJ8J35UZgbldpvW4NpAOZanaf7b48dN8="}},"ZElcLBwYHKNH1Pqho/EduDR5hNIM7A+mBovWPFXhkJo=":{"valueMac":{"type":"Buffer","data":"hkAKKq58zCxdw7AmzFetHDAdJaeVUR37kutOQ27m+qI="}},"ZO/qx5VSg54DUBgpWkzHY6ukRdA0SIeu9+0s0CITdZU=":{"valueMac":{"type":"Buffer","data":"L9FWw1IyZhhj3drQsuxeJ7aJYkZEZaSffiNOpf85Kbc="}},"Z18GX0D4fuJ435GpwCmSUI/WqxDWJ2JvEkIvnrDOilM=":{"valueMac":{"type":"Buffer","data":"HALoJWc4DcEqanFU1utlCyi4Mb2uEk1fOcgz5zW5oK4="}},"Z2qefsbjRejQ/VekdV3oq2XqDUSVRLhB3mFYoTgQl1E=":{"valueMac":{"type":"Buffer","data":"Z9VwnldBnKM22R8QrzfbOPojiqqhQJa5batQk8/Jf+0="}},"Z22s7a7I+rq0PQCJc891IwM3RsE/9d+sYwLu8NmBq6w=":{"valueMac":{"type":"Buffer","data":"m8qF2FqYdLAJgrlUY8yPe6nI8NVHzlk67zHpb+V2Idk="}},"aj7VFV1PPLc1cYytnVAQqbKRuKSq0NJkypoeXCcpxQ8=":{"valueMac":{"type":"Buffer","data":"IzPkmNFn/5+XsJ4MGVEidtG9zxV9QGRN6k1BOfGx/hk="}},"arPRPqiubbiiYqxFQpAPrbAJx6KHmWz8nfpCF+BERl4=":{"valueMac":{"type":"Buffer","data":"dnXmBF3nf+Z6AooLm3KrsM84WQqCinbbu8Vpk4KTc94="}},"bGdzJTH6oJuKqstSSd/VJB60gN/hsoEJFH9sRj0LIr4=":{"valueMac":{"type":"Buffer","data":"Eznhf9dD67worJZvQquy1jt2116J1V9LnarJ3TVWLHs="}},"ba4bBAWUtpgS+y3ngBreH71PEOYWzvrd+xB5LVRcOP8=":{"valueMac":{"type":"Buffer","data":"FVJ/8K2K1Y4UfxzU0yUsk+6/GTZdHvUAT72BT1qIl6A="}},"bhfLIFSNQCGemckJcXBBqvwmOvHFHlJRvHV/thDdhTc=":{"valueMac":{"type":"Buffer","data":"R1Gd+EYGZLlAZnL6Ey66t6lXct1iQjkJotzo8TTHrIk="}},"cLMtgPWo+BpxrxhvaWDZ9OHJweBg9zpfS4Yo9XtYCYM=":{"valueMac":{"type":"Buffer","data":"eaqc5nHCpwFCZe6vc4T73YQhVocDDcJ2p26lpVBDkL4="}},"cVqqFkZsDzFQSUX73/+FoUIYZPJFM0+62vrTNcduGww=":{"valueMac":{"type":"Buffer","data":"yZ3hwjuK17PteRv0RxFMuV+9mtOazzomV6u2wY+thwQ="}},"cjufBqA0bF7W0wFv/R+d8o8yJSJOVsoRfkZCLyv6CGc=":{"valueMac":{"type":"Buffer","data":"K8mJ4pAe+JmNodJcDrYETPwFJgO9uMa+/1nkRlzsSrE="}},"dLKBhzjeWNrY2E6dA+rEpTTVGuLkCmuIrdKfLDzG+tM=":{"valueMac":{"type":"Buffer","data":"Yyr3EXHX3PKFhOBrz1elBqfdQOsYSiEQxftLnvrc9hw="}},"dVbXEjEg7+mVDNeopMVptEGF8Z+mML559Q6hEuxPIl0=":{"valueMac":{"type":"Buffer","data":"NmtDt1pnXG1bHw+pzxmm7lWV/2RevfSSdE+enjukOw0="}},"dny4+9ZBIw9Abon2G725ctKjbyIPdenmZMnVUNuc9YE=":{"valueMac":{"type":"Buffer","data":"AVAobYKcrmuWDN9ccF+69atX2zPe+VJ30lCcwrXIoaU="}},"eD+moulm7R3gaaxwQ3JeZgAMiXtMQFSj+nh5ii0UqR4=":{"valueMac":{"type":"Buffer","data":"HrKSnfGmCgTcNIRJ4sDw1+pWvH/950UoBspv49u8mSM="}},"eFJY0w1gvDubRhDgTr/iXoeUwwQlQpk9kghw50NPMmc=":{"valueMac":{"type":"Buffer","data":"IDb0owHbRj+yvMazXO/P1P0xh6V9w7pLSshZYhBK5eA="}},"eVLzLcW3bUBTGWfMi/LS9TnJJE6+jyZ8Cq1kiLBH+hE=":{"valueMac":{"type":"Buffer","data":"2oi2Rhtmm7CRf3ZTJHnUMsAQPcQRW6vDNBBpGyZxF6k="}},"eXEIYeR8CuPxgRd9XEQE7IGSrnmWmt0E5/6GNT/8XAc=":{"valueMac":{"type":"Buffer","data":"BVkrWGqLaRz55jIgeupTEqxz2dj0JiS9Q1Lt659Eo+Q="}},"ekIMs1y6aYNbjy0mp0it8swhcO0AIl7WzaWuqAqa9gM=":{"valueMac":{"type":"Buffer","data":"McCTdlRNlKs3uhEXI0o4RJwF0dmb33I0RVf5XbKKN9E="}},"evfOxqQdv8C45vH4FEB3LAPgh+iUQF0G4o7bHLDkHWg=":{"valueMac":{"type":"Buffer","data":"QkbHLbV4bOy2uZInl4X7YoodBwqr1W1Q+lkMMo+XZq0="}},"e3FKV7Y4a3lMktSnphakFxDl51AZ0iCF6Ve/feP4kYY=":{"valueMac":{"type":"Buffer","data":"yNXqyBq9XM7vExBcnaRfinDjRNVC3Ltqv7r0D3Gg7+g="}},"fYuIVN4m52DwB9Ej6bNIaju1n2L0pt9WTP3pK1Umw2Q=":{"valueMac":{"type":"Buffer","data":"PkYefRVJp9lTiRyCIZQ6yKRjFLt1NWueAFb2nS3tR0g="}},"fhVXCgFKS8Y437KPxrdQ7RUt1kLnCLc33afNVCWiJfs=":{"valueMac":{"type":"Buffer","data":"FON3SDEv3ED16JSdqRXn8nKt0uNgg5B6sTfhckn+4xA="}},"fv8wKjNz/ZHRHijDG35KDcPi7gvxE0fF1iJKijJpohw=":{"valueMac":{"type":"Buffer","data":"Py4krlX+uLNB48vZFC5W21j6HxMXLO+0YTVJMSvvCOM="}},"fwDEmokYPOpxLP1vbSXJVu/KxeThuaHFqGZt1i4lA/c=":{"valueMac":{"type":"Buffer","data":"clltsIyJpO9RG33BPu2f21fn7Mr1judIRPfUwKJV3vA="}},"gJgrTvXOWUYp8zoTgr60V1eV2UNIHAUT67x66pAlVmE=":{"valueMac":{"type":"Buffer","data":"2Za+NGkh8rWqzOrseDZmQkiyFhxmdDHLjrWtc4Z1e7s="}},"gWY/wBud5D0Q9hY2G6R777sgXgdBo5UPy7cXAZRMryA=":{"valueMac":{"type":"Buffer","data":"ZQtc1oSioKtTqZudCt4AwBXnL+p/gtWQgzs0/ElJp9Y="}},"gb50eMzHyHAhVypN3gEDxmNmuKlOMV6eJQgRrrp6ZaA=":{"valueMac":{"type":"Buffer","data":"Sh2S8tlQtHS0/a1sBgjmD7dshBLn7O2NN7b73oKQlWI="}},"gxFG1r6TCqpNJom3sFDXeie2u/bDuarRcxBgampqvzg=":{"valueMac":{"type":"Buffer","data":"iWACvPaKmt3MHTwnjryz8HHeYaFYC7cSbAdL+nnSJoE="}},"g7SzbK8vFpunbzlOjD17bkp5njsjv5JYQW6+adVFMEY=":{"valueMac":{"type":"Buffer","data":"efAoZAngI4XSsVS4NzaZqSXbvsKwiaaGCwQx8HhqNC8="}},"g/+M7EiNHGTG0yjOEoKpkThvy/rD5DuFkpAPSxD0a+0=":{"valueMac":{"type":"Buffer","data":"LcU4g7dpMXlP9Q9Gvd6YOszMwm8YjZ1+ybO2SbKC7Go="}},"hCORppF73Seh0vN7UoHPzlkrEsqY9qogLJjV9lR69zI=":{"valueMac":{"type":"Buffer","data":"cnLqWcdRKTKx5+Ivsu0PIcoM/Q5qzkHmYmXssxPB6q4="}},"hCyZf2wNQA3mJlK3iAs82KjGnglWKUBub7JxLNlqoyo=":{"valueMac":{"type":"Buffer","data":"O3RvUUrd7zqHj8jIKWW+rEaXCubYJSH6fxko7/NS1ak="}},"hLDjEc8tM8jtImSCrCdMHkJ0Vb4x4BKKnIt6lbxABNs=":{"valueMac":{"type":"Buffer","data":"wAYP5o/vV1Lo1Ol5rb5TgHfiJcjg52+bg7IaWAhlz6I="}},"hfokRBvGpRecQy2r+GQNgRSCURLFdmYFtlFbU1rDZcI=":{"valueMac":{"type":"Buffer","data":"4aVH2lMgENLYWkWVmpA0s3o+fb2YqPdIuZ81cH3f5x0="}},"h7X3irQStMvUzYzv0bbdmC/QRQTexXy3bKbhUm7xq4U=":{"valueMac":{"type":"Buffer","data":"nxBP8J6B7kJdnaM9RTm5U9Mh0814nRrkq8WgJAY9hNM="}},"h8qqNcwu7ORmDSLDPmi8ncx06XpC7cvkdFllV0Olb3M=":{"valueMac":{"type":"Buffer","data":"pkU5uN83bGlCO9n1G7ncULC0QqVM9Yu/DVPCCgaC1kQ="}},"iYLyXIfWush+qZ3bsTQSwnI6znlxwFcoMEoBBxgi8Lw=":{"valueMac":{"type":"Buffer","data":"zEZ+N3Wyki8rGo6LxqAosSfe3uMROaNtQa3eEIqNVmA="}},"iiA0QAzH4XFLXl6OyQW16mC9D5swEb8k8LhKrjtYpYU=":{"valueMac":{"type":"Buffer","data":"YRzWzlNZiMP9FRM0a31/d93AchMTehoHPpdnALRghmw="}},"iioN6KYfnka4ZVw5pq7e1b29jLvRJdChQC4w40EUAJU=":{"valueMac":{"type":"Buffer","data":"k7bWQ+m3vzaU4nqH8VwwR18mvXX3Q72Up3t89EBC1Jo="}},"iyrBnWi4VagqZcgkOtno0WPnnrXvgqd4Bp9CGdfERjY=":{"valueMac":{"type":"Buffer","data":"5d+ixM55h56jpmL/XZQRe5hXnsuDH44huwtFvBZ5YGI="}},"jEDoPAkzG/HbTP7GAuDhBsx+otm6gZsliaZrgrqNfzw=":{"valueMac":{"type":"Buffer","data":"CR7nDAHeImv4qvYeh92qT6szrZRz/yqG78E8GAX3e/k="}},"jHtG1Xmrd/Lkwfl82pS/NXzCkP3sO5jr1cqcYyTLiIo=":{"valueMac":{"type":"Buffer","data":"4aCPW8vUgAqDqxLENPQIHo6VOl+1fuvCQgxgNYEl9mE="}},"jH5E0P4GCAdVbVu+gnSbwRbOi5NR0Lfw8OnBM8JUUP0=":{"valueMac":{"type":"Buffer","data":"3hHvpQWIN3csJrE7EdOAu5RFu5HpHGgljVE1Q3y3WUY="}},"joHDnlZ78QDU8u3D7yKn8eampOzxMjh2p3ZlkEOWUyA=":{"valueMac":{"type":"Buffer","data":"FM1/i5pfwlgpcaLEsaIrRHLlP1XO8PwlX+ruxcgqUYI="}},"jsikm1iv9h3plu+syDH7XEdlQYBRa4PvJB0EduMcDb8=":{"valueMac":{"type":"Buffer","data":"QQCmCleSyRtwIzYS66SATJbF2G30JJ3G3pCTMKUgoPE="}},"kdFzQ6H2nVI2GAi6w0SRhx/E9eUm9J+Ff+chARIna5E=":{"valueMac":{"type":"Buffer","data":"067XaJqn8J43k/CktCmcdeNW0PuomTxkNfOG5u6umak="}},"keCvwZ8U6zr0NCb88WqgRqsvLJgtS0dFx+WuqAtaOCQ=":{"valueMac":{"type":"Buffer","data":"rdAqwSJ//yecv9eNd1eoiQn4P0D4wUq4LxQ+b/iHX8k="}},"kfLZFULrmLwUZCTe09rbZE/7OC0T7iDSiRD9ez75WtI=":{"valueMac":{"type":"Buffer","data":"gGFK8XVVe0+VrAK8orPD6ULR8Ce493Er4PIm97NXAZg="}},"k31+3RnFpBvmsBwhgbqCGYCJc/4BjN6MrD47Rh7Z8F8=":{"valueMac":{"type":"Buffer","data":"6FR8Ah+4PjBuMq+ZrCZkkIETe8HthG4q4fl5zruvYog="}},"ljNB+TYB3b5MxNhMT8Dy1BScrZozPTo0CtFCp4dhE7c=":{"valueMac":{"type":"Buffer","data":"II8Cw5NV8m9oy8DH6cXmEa2S76K5zLc20WSHnxX9wkY="}},"lpfEb/wA7E8CWdvMoynWFS3fHibetjahO4w6pKE99/w=":{"valueMac":{"type":"Buffer","data":"Q9eDlc6nKBVXQEvYV0nbW9RuiOrL4dKu14kC1TvGLa0="}},"l/YhjStBckoJXuKZD/PujCOAavyk3h5tP78sOIxVbI4=":{"valueMac":{"type":"Buffer","data":"kllaTuJBf4dZC7CPsLnOrXCdkGvGFX3hyqP8nbLzWyk="}},"mGAcDmPJ7byR1Yh+9VXJDK5GQMEeJTEZ2buNHFwIQbA=":{"valueMac":{"type":"Buffer","data":"OkBxVtXNVEdhY3AE/OStkorvyjZ1OEKZcB4evDrVwPY="}},"mtS+xc+3UYFzK4WiDnW2KMijYL8YK1QOlhQHSz+n+U8=":{"valueMac":{"type":"Buffer","data":"aqiXZ0APDIFMajn+4espv6vG9Dzw2dAMHuL3Tz+UcDQ="}},"mytqtPLlSxwu1rc1v5VG8oqE05j9g0lX7BMpxrbwlj4=":{"valueMac":{"type":"Buffer","data":"ribxw/MFenM/f1z5rDPuHlrxi+2rVB5mJY48wNcVk80="}},"mzxfceL1FSkQk+j2grQ5Z2nR5lUNHYyjR+EpQ7BqVYY=":{"valueMac":{"type":"Buffer","data":"2WnMF4HUXNQUpLEyqGFa4UyMF9QBBvATYWSlXGatDxQ="}},"nF28hyjwv4wBpaQxP/5obNaL2iw5tKM1DIWIpzQhTck=":{"valueMac":{"type":"Buffer","data":"7xT/GtgL0Utt0XQW4czkKIOVQ02zRVBJ/S5lkz3SJvE="}},"nJ0vu37UqdCCTEKTI5vpsTl2vgk5fdRMGUU8+Km8zww=":{"valueMac":{"type":"Buffer","data":"0Tkr1MdatbbswgGPHUo8YTgammsRrXCWLwmJNSwqJUE="}},"nM+70oyw5RB8TSjh+CVKZRACt3jV9Yi/22PHN9T/kGQ=":{"valueMac":{"type":"Buffer","data":"JyGpz32VE6r2I2tdFOl5SW94n38q+k7hbzChk8WLcmE="}},"nNLzJrM40WpbaNTlTby2FgYPn1BHQpTl+n2IOS4qHDc=":{"valueMac":{"type":"Buffer","data":"AsXCW2pVsxE1ZA35IipJwcqhn7pFHCJFR3dXbBigUp8="}},"nZGyV7UvEMwuoDCBtGUKV8jmJQYzMMG/aMfx9djKlN0=":{"valueMac":{"type":"Buffer","data":"DfLNtUsAMPvB8ophtigjbrckSc61QPqb4Tsgr7uSZ08="}},"ngqTMtoEPTTyp/5mE2SyrGA3Ub39d9kUNE1AyXZhgFc=":{"valueMac":{"type":"Buffer","data":"yLRLWeweGesCi8xh157AKNQQ0220wz4V2nEP8NEMySU="}},"nz7A68GP+2kQOY/AA67alYPkRKKphQ2v1hVmQbghXGQ=":{"valueMac":{"type":"Buffer","data":"VeEZGe5YA/bwqeGTRMQOtgmoIO5YK3VrtItL2drdb+c="}},"oIgRt4A63saxF+6iMN4x+EXxyNqWkqNJJF640fLWQ8c=":{"valueMac":{"type":"Buffer","data":"3Lm3NK06VscTCQr/ibFM4n9SgG4jKVo7qRNmeke7EEU="}},"oW+NkfioU5MO1lSaJ8VgfjYdzP5qu5CXm5LoHbhb62s=":{"valueMac":{"type":"Buffer","data":"Hd+CNtl4mzDiBnpUhdqj3iav7DzyrGfcSTJjUTDcttU="}},"ojatsWVa+v+7HyJcJxje8K3QRRm0Zy/UuEVea24f5cY=":{"valueMac":{"type":"Buffer","data":"RJjy456cB1fBmhSEvNO3eekYtVpJ21rSy/axlPcYKvg="}},"onxwoFXhEEjRmOpiT9Xyn4dGd5g8uvhxmyDtQGs43As=":{"valueMac":{"type":"Buffer","data":"9RrjDespVwDhkaJjr/fQM1fk6AOKFgPBG9nm4+YzTU8="}},"osMeGbHQ9/cubXKs9NoCx2bJFu5XImxM2KhDcyddQ8o=":{"valueMac":{"type":"Buffer","data":"RUFG2nyNTEMICg8NGBplZ3un7yZ/gXunXjQ3ydIa6NM="}},"pPjIYO+j5a9YxPv/0prExSL7NUXDVUwbeEkertkRkUk=":{"valueMac":{"type":"Buffer","data":"oWACL2jHTmpbVKMH50lTqvpQJmx2uGhRWw29iEIBT4A="}},"pRK2CjAmP+ajc3+ZkGfko5QtoAkMgaEBLNUhxbnKauY=":{"valueMac":{"type":"Buffer","data":"2/cjSwaBicSnvDcZzSL2sxJTapbpbse3A2b8eUs+cg4="}},"ps5ChIpxKH5ZHy6kOJr0W2WpnozFaVzdA+o3yAHVw8A=":{"valueMac":{"type":"Buffer","data":"XKss+lam3IovooJrtISnXRrydolUFXAKUxZ46CRBq5g="}},"pykv7/R5aqj4tt0KUouONHfa8TChivFDXlLE41ENgdI=":{"valueMac":{"type":"Buffer","data":"PKq5JkLe8YhD6fYc7ijs96cxPh//LkNud2Xr9Mhi1y8="}},"qHkbqHaqdnpBSpUsCeo1cqgFaqCwUl7t1qnJZsQ31k0=":{"valueMac":{"type":"Buffer","data":"mZKAzjdj35pXILwRpGigQJ1LVGfybmlOo5B636VRG7k="}},"qVDrtEFJGwNSji7rBIlKLJN/w0wN281xTWqz5NRsfXw=":{"valueMac":{"type":"Buffer","data":"AcWS3lZXr6FQDiT/nuQ+cM7Vn7Q2et2pFWgGgxl93Dc="}},"qp5dgTh9WZqPq6rs1N+3Hi6H4n8LTP48HzN/3GnCCzg=":{"valueMac":{"type":"Buffer","data":"E8LGQXG91rWUmvQEyuCRMTQ4VS5+A4nEYuBpizYP66Y="}},"qvUt0y5A3zFEB0PjNVVUPX13Vf7N6oo/3ZgBsxPGZes=":{"valueMac":{"type":"Buffer","data":"H1Yw0WMnbpEowLCpcznaSyDvnacz7+FmPdqcuTqPWj4="}},"qxYsi6rrW5CsWJaExMIhd/0bnL3aiCgyX316IHjEk80=":{"valueMac":{"type":"Buffer","data":"Af8Tf7fYt+/uUW64EwM8rr7wW6qUr1PCOnjql+kFyok="}},"qxhGm3vrcggUH65QCTOzihTE9nTv47x9Qj+t7w+29Q4=":{"valueMac":{"type":"Buffer","data":"PKHs7GzTpRN7WJS8EuhR43KjjeZxGDxbEiM0eJ0Xa8E="}},"rQ+rFstEJoXKtWfn8R/ZnlGVCRSCeVvoegFFpsD0Zok=":{"valueMac":{"type":"Buffer","data":"lNDlAhg+Fl+PS0k+bhdNJ4mKIrnH1h7NBTI84TFpG3g="}},"r9EvEsDC7MgiVEL7wWDqLNPDMs4ePtVG62AnzivQWzQ=":{"valueMac":{"type":"Buffer","data":"GXHIneOH35zCNy9X4+9mb7KheXCC1rXz9/1HqXvByOU="}},"s42NmyJK1vP9+jdzAFf3z2GCt+sWNaRzJYvjrwp+IKk=":{"valueMac":{"type":"Buffer","data":"Q0etc7D/Zmrtj+QgGGm9QA03V9ojK4SAhN6rD6aeX64="}},"tE3qolpgkiZPr8dzLhKANX57t/in7UwqogjoltbD5I4=":{"valueMac":{"type":"Buffer","data":"42K5ioKoBFEgEwY+DTPix6HT8HC5/YfhkELFCi4zrO4="}},"txIBuz9lEYK929ehR6UxGwxN77Oc/UeETd8vBKsMJlA=":{"valueMac":{"type":"Buffer","data":"PGObNeRNX2KWAzOmv89OE/B2HRc9OtlSqo8iyG/qjDg="}},"t6X3Agx6sJFFybyEUTV9DH2dzAmGkxGQI3pH02RNwvY=":{"valueMac":{"type":"Buffer","data":"4H7GOZWF195xi61p3qNqXmlgJvBYC/lr78E5key58BA="}},"t8N8WUWuk5Xvb6KcWvN7hcwkkyx/zrVKIsznl5hnzz4=":{"valueMac":{"type":"Buffer","data":"05uCZHIN4+J18hDCw+KkUeDEdCzzIPCiik5a8bH3keA="}},"uZRxFqmD1+0cNLcQgbMyhHdeRUBlh8LeMyeL3S7yOK4=":{"valueMac":{"type":"Buffer","data":"WvD6P4L3NBjT1YDBLvDsw+++LVK7o0sPWovauY39dF8="}},"u3AsfD7F/MLVcXwU14BHC6OZsZiRnWwraQMPAmldogU=":{"valueMac":{"type":"Buffer","data":"QDWAVaUp2aSN/gPtrPVM3jvhLEJFOER49aLi+LX2XN4="}},"u5Zk++NHs0NziNLmhbsBmO25oK6TQporL09/kv5togY=":{"valueMac":{"type":"Buffer","data":"EP+Rz27m1jgwMs7C4d6DrYmEueTivZEztPJi/vKr6w4="}},"vIFFbcBGbg+9G29K6XX3RjKKY2PUHgcMpqiUgjAAAjg=":{"valueMac":{"type":"Buffer","data":"EHxwmha2QDPcxelIgSRqA1Kx/Tp6AqORdSqrqxtCE/0="}},"va/RvQLoXHNxfC7bYz18owW/DKtGnYPKDStuwnB75WM=":{"valueMac":{"type":"Buffer","data":"xg3jYAIpb9Qy8mspNiz3spL8SdVt5RfxnFGt8JVgTxw="}},"viY0GF/yxVoB3hh7NwK5dStQYwV+ibksFKAQ9N5KQPI=":{"valueMac":{"type":"Buffer","data":"uqcRT90ke3PanQXUL2+FBmAYhSrRaCZvDL6AQZs/czM="}},"vihUKstvnnJCFseqG+p7tz4Bw9lkuM5PU71+jPEplU0=":{"valueMac":{"type":"Buffer","data":"tL1RS0amr8jfnhSw4Jiar+o+Dmz42l1TYNLx5GU+3XM="}},"vin4JANYulXYWWOlkLx3RFKX4/mijpkm2lZZBa3/0R4=":{"valueMac":{"type":"Buffer","data":"UkpZiN+vhPV4bdF/+ya4dFzmCQeRCUpLbLr2ouu4xaA="}},"vqpJEkoVkvg6C5Y+A/cyWh0WcLLn5H1+DSMZfq9aWng=":{"valueMac":{"type":"Buffer","data":"Up1Tu1//25c/x8eCtv+bkRCJ5ReZbKcP5sJP9CFxGKI="}},"vs8vzfKHQg44t18YRsVe1wXuUJhyX3lLasJ7hG9Hk0I=":{"valueMac":{"type":"Buffer","data":"sPcSQXF5YXGnPfl85h1jXn0kNzm/2AzWWFelCKS6XFY="}},"vvI2eBcagOosax3E58m+Vb27DEwusjQssrJzSOCTUC4=":{"valueMac":{"type":"Buffer","data":"/MEnHF239wayurmg3N6PYeI0hD4BHKSn5RTM+MXnthM="}},"v5ml4Lxbkgy/fH2mD4DWNdjmWcNlbEbykaUMbcqBZxQ=":{"valueMac":{"type":"Buffer","data":"yaXxDk1IPTo4EesK3F1TW5BvED15SmsuwL0HvbNQIMU="}},"v9Dqq2fVmS4QGxLb+uD3l625zhh1cKUw3kWPRs7lKBA=":{"valueMac":{"type":"Buffer","data":"HQ+GJ3XFlYy7Bf+WW5vADqGlQlU8ZZ6BSLmeewIc5wU="}},"wNU2eA+bicK3f2zepMyi6+v7fT7rYpooBwbPaOWA9Wo=":{"valueMac":{"type":"Buffer","data":"xcM/MI1RebcDsOIX77cWHTqbO5uqDF6eITMWikNPDAA="}},"wT/gqMFUlso+IzDDjjAM3jD6gpOfsN9xBD5bUqS2Oo4=":{"valueMac":{"type":"Buffer","data":"Itz6DvPeh1boPpQCQrWW8UnYuDMjujHEnD+RqGpJDnI="}},"wZtOi4/3VlVmoYjFHnzcuS+G9FagnPEfTnypprwQAA8=":{"valueMac":{"type":"Buffer","data":"hrXYi0rFOFeTk5IQQYns03/gvg6cfrevwxoh6dl+MT4="}},"wahkaN6nRXIOwKzE2Sr2rWm5v2CiA7nbXC7M7AdzAMs=":{"valueMac":{"type":"Buffer","data":"l7azPeQ/gg+ZbsfGECmWyacVaWPbqeojFi8uOQxKEM0="}},"xD1J8Tw05Oqss7UyTAgjSlFJ7IaA5n7rmbNwdhRTLYg=":{"valueMac":{"type":"Buffer","data":"jq/qJQiqEJHLeN0D3dSDrkdajv7L4c3ORTCjFjbxMhE="}},"xHknJk9z3oyT3pct79GpHz4UC1gifYrxDbHNtM76QFU=":{"valueMac":{"type":"Buffer","data":"Qfl+zu1RRredMY/KDLiHFh9zlrsmF1hRQwKeM+tSvac="}},"xRCqCHM53aS0B34LxZ+WC8lwVkzOHT3bNAKLCkUR2jc=":{"valueMac":{"type":"Buffer","data":"PsGaHR6V7uv+4xj69Cde8gUdqVVETyzOkhU4fBVBwJs="}},"xWVEVD68qxv8haBfYr1FvvtiVHIzuDG3OSLZSeYIH6M=":{"valueMac":{"type":"Buffer","data":"7CUCu5dvxFaaQEIEcV9+nky/izXiBe/nIQa9GkkAaYY="}},"xciiuOqpceVU452hQtYYTjoKICKMtcsrinTWmbyGlEo=":{"valueMac":{"type":"Buffer","data":"RtUeTt72EiucEeARMalRfsOimvRS5IsXG0gAZuHvyqw="}},"xtoeC8zBEdu5XtJb4rcSoME1Nwlb5I+ypBTHOjc0T3s=":{"valueMac":{"type":"Buffer","data":"4RcNDKdhH6gQH6qXnvq6BlR2YXdIlPtNn8bQFQ8Erts="}},"x2I03Xppgd2biaL+EBOzJ1eEM+/pCb13oiWnSRnj3NA=":{"valueMac":{"type":"Buffer","data":"U18elhgx+An7EqSsrfvNmPjtN2NIcfJ+GUqTHpjcW1I="}},"x202vKga91vMkkECoQ3E9vZj3GsHdbGO2yy3ZfVruss=":{"valueMac":{"type":"Buffer","data":"GDy0k7F6sWnVGhywmPDoKgbK9yex125nPVGM+zZM84E="}},"yG8CsbDkT4T5gbGDetrb2tqH9Mx/OLEwku9gig6eG40=":{"valueMac":{"type":"Buffer","data":"ern7HglSbbX6bCKGWoFaAuJlmp+X87OxGoqc7CjRcYM="}},"ybfly1I0nqWnd5ECdK6KYWDEYOzo1X3ldWkqm/SqaUw=":{"valueMac":{"type":"Buffer","data":"AWrb+JuEAN+czbzG0dAJKNXJSz0U7Xn51xLu1YYjklI="}},"yxhQJlAqglfnHhFAbWo0zpyFEdMJ0SztbmC8jCWa4jk=":{"valueMac":{"type":"Buffer","data":"3C6mS6Q7NZSotJiRRIRP3nQ+V9cC/gY9uGcpciiIAHM="}},"zNlK1yK0sCGoU3pJjfKiqUgKp69DbrWxcGfD45e6FaQ=":{"valueMac":{"type":"Buffer","data":"u5qsgd2tOf1lbFK6FAQcpVmFHRryVdveF4qbWddbF+I="}},"zS2gvhr/O82G2jFGLcDg9ZGOwQji9/in0JDKRb7Tm48=":{"valueMac":{"type":"Buffer","data":"c17m+VuulOmdkyVn+LlGscNUcxTJVf6ZKxeTpAxsZXU="}},"zuXaVuPab0I8NAtYTXRgRTal0HuC9jxiyiXE3Nn+bPs=":{"valueMac":{"type":"Buffer","data":"9PC7vNJGgtNv6kolDpBSFG0sU10MX9v+RaSchaun0pY="}},"0Duh4BHwdsxGGdm6N9HWd2KMhOP8IYfbvxdj10d0rTE=":{"valueMac":{"type":"Buffer","data":"hKfSJtyx71OF2lMw0Qqnqa5F8xH6jzkOde6+JCgDeA8="}},"0Ytsopn4XiwBIV16J8SR9NrAmh8vZTazj3J0apZ+m78=":{"valueMac":{"type":"Buffer","data":"EJM2gL+P8YpvOUGdsVKPBVL0t1AV9iHy7dlhTKiMZfY="}},"0icPu+E1xfrz3bgad4XyjAw7TsdQFz7y4/Q6VAqy9qQ=":{"valueMac":{"type":"Buffer","data":"0fZ00bZBhlOdNkU/Ix0wuQxctz5+N7g3Qd9m6JRtfIc="}},"0kRs3oiDxATy5saYVoSBt7gn38xScqcJSIZMpdVtoEY=":{"valueMac":{"type":"Buffer","data":"jh4t06wniaFpqRfwDALMGaA1b5D3CDsTRwcsU1kWi2o="}},"00NXTO5IweZr6/ynjbiaQoWxg794LETKa1B0BuUb1UU=":{"valueMac":{"type":"Buffer","data":"aaA6ZqAl347EEm80/XvHoWA4w71sCnHV//6ITFtjjU4="}},"07IY5YRD6z3tRKK8T/Yq39TOIpXsYnvENm3kNFyHTMA=":{"valueMac":{"type":"Buffer","data":"uTyfn6h3GCxI8up62CuamubWa0+fnomu+bt3DYQSSi8="}},"09Kv5F30Ktx3cKMBfeWpIqHG0HfDgnsIMXit6xoVoEs=":{"valueMac":{"type":"Buffer","data":"IfCOtHqu5//Wiuji+Rjz2BUE0RxnyYlLDvp9pOo5aIY="}},"1IEA0hVINqeeBxygWSkPeH84mV808XVjdvdCAoRXLJE=":{"valueMac":{"type":"Buffer","data":"+UvCagSBtsD0lXzT7tEXdlhtWbPRzuFcInSVhnwuZTA="}},"1TuXwKFhqGiqdyYcQ/CNdNzG5ql2PSTqykGlaO/R3fg=":{"valueMac":{"type":"Buffer","data":"o8kRN4lrDGdTiAnqgVTjkw0jVtiinNBpgUMJjoMAkc0="}},"1clCn9u7Ubp9NzWAg4k/6pJWndttSqGGpkPAQ9SLauY=":{"valueMac":{"type":"Buffer","data":"jKqko5WKQx1B8jdjCK1clVnsx6ClSBJx4eyxN2eq8ZA="}},"1egHGdXDFmyrXxRHfk01cENMCJZEf7N0t6LVdc2nLcY=":{"valueMac":{"type":"Buffer","data":"3tB900b9o1+HklezMrAK9OOCTX9hCCIwynqBEaLMjsk="}},"1omMw7bQ8T8QAzsgf5Dcf1OjjIbWiZFahf5PwF3wd8Y=":{"valueMac":{"type":"Buffer","data":"ln1Xe/jp5tk0sPEP/8Q40vv+yZ4qYeInU3iw6XwWiJ4="}},"14OafEWmP0nVdKMiKlxerqs0IqGYmqLg5Hm2DTTDl/U=":{"valueMac":{"type":"Buffer","data":"qllYIx2teTJVtU8dEPKT0tXvLw0bDaKdMMmaXX51pDo="}},"1+IKEHcWoqZCcLPlU/XdBLUALdGscey+BPWLgBX7Z0k=":{"valueMac":{"type":"Buffer","data":"Duf6rrSAtOmzeeckogGf+2WYP9B2p6sb9alXhQrI6cs="}},"2BtfPdD1rtLiwenPeT06k9HAswb0xeEyDIoAaEBES1o=":{"valueMac":{"type":"Buffer","data":"R3SjlNH6eSdfNNwuV1NJ8z01+guNW3WMrYdQbmyjfWo="}},"2ODPCjCSZzJteHSjFTgVnLgBCXhhUs6tNvFLYbDbecU=":{"valueMac":{"type":"Buffer","data":"PyzFcIrBfeEnEpstXpc0UqTEpjHI4fWD4HC0tZ9ssUo="}},"2c9MFzIN+lCyDS/yfY//qvtWD+6b89g8mSgxHjvJpB0=":{"valueMac":{"type":"Buffer","data":"XpIJOYq2OqP6pvgnquNLJ+5+BfvcKoaw5sL1+7Bqjuc="}},"2eFOBSW/c9nyVGoDUoJpxv9G5MYSANcMF0bw+UGKL2M=":{"valueMac":{"type":"Buffer","data":"p2rkeGrpdQxMhaRcwPs8WT4qJNYU1kqKXW5RU+QbljA="}},"2hCm8zmxKg3pduOBBODz0Rdl5h1VaaUKAJMNgYiJp08=":{"valueMac":{"type":"Buffer","data":"Y5JVYwbclLZzkS9bixjf61BtfjxCgucMOeAIPoJMj3g="}},"2qMjA5wh3WgeJFJ6v67zQHeXj+NGvLu243C04B+EuY0=":{"valueMac":{"type":"Buffer","data":"gWx13Z3Abv5mdxr+VBZKk5PG5Ay4dZ+FPNWbyFvbfdo="}},"3BJk+L+ecCJ8jJm9BhP/NaVDQWnpqDKr9hcxWiAEAP0=":{"valueMac":{"type":"Buffer","data":"HfDY05br2GH/eSp8L1NLwyF3QGw+j6aznjkDRThWLPQ="}},"3GzvBE1UVqsZRlm3mOgNPilX2LKIQtK8JwJf8CkPzaw=":{"valueMac":{"type":"Buffer","data":"H8rHUKc0gWWj4vYKZtU5e0PlgDbVvbpCqoCIxEXM2W8="}},"3IdYrXuWOO8zyHy9ZPSu/kxpfvf62/7i/EoDkpQHP+c=":{"valueMac":{"type":"Buffer","data":"QKk7LnEjg4b5eSe89R3N0gS9MZ/zb9VYHISQ/vYxNJ0="}},"3JfeyR7zX4NNbM4h2aZf38hlJXr4MbpwGHb3S9wl8jk=":{"valueMac":{"type":"Buffer","data":"+F3z2JirVUPHI1NstxcUwno4hIBplRlHpBWwdZE+LxI="}},"3R0bEOjDDxE/ARTHrCb7l5wfCNiI4XrmcSljxJgz8vM=":{"valueMac":{"type":"Buffer","data":"7zfVdwN2m6R9iekGr0ncv/7O+PjdEJwXtppC2AXIcNM="}},"3xUVaDKllbM6GuGzqbnk0jQbr8riXXffg4foNakuqQY=":{"valueMac":{"type":"Buffer","data":"ZOUQlTrEHN5nyQRpd9HBL5njezEqlii9hlyzE5FjmtY="}},"4Tawlat0GZ5NUjZhgXQQZdCNBYKuT9Yz3VziDPCm6LI=":{"valueMac":{"type":"Buffer","data":"V8tcRxBicW3a7iCpjST6IoFMYoqxb9SBa7heYxkL8rQ="}},"4kLWpvJtdUCwJaTdEpmteLV+SVwMoerCYCikiBaJhfw=":{"valueMac":{"type":"Buffer","data":"fjjIVHW1TsiM/0Urb/nqvuUWny9d18x/DPmVPDn5N9Y="}},"5Je84ixgjqK+1DPDrmKwGEKsp/DzEjD5H3DPqwye0vI=":{"valueMac":{"type":"Buffer","data":"aGOJHGcnJuYM6ZPOiy65lKE/1lIBAR1Bh3GgB1MeQ5Y="}},"5ZNaOw1LjpFPPvCIY66wOgK5FjeyqkdNqg5yMJNu9Bc=":{"valueMac":{"type":"Buffer","data":"S8az4IPcvXPOp+ghyrdc6ktM9NCqC4MrTCKKDb5tc6Q="}},"5nnWlyq8gKpT+SZL6v1MxfFTowbbDoQjSmPtZfjFOFk=":{"valueMac":{"type":"Buffer","data":"O4ZEX9A20Ytsr4GNPMXC7UGKvrq+6WclN38V8k5F92k="}},"5pmJWZcIhOJyLvM3Me+OiBmZxsbuQn1oHGh8INdoQr8=":{"valueMac":{"type":"Buffer","data":"HeJjBdzznGIGfuTn0XDfpy5zXLnZxfemApoEZKYazHg="}},"5ul3KBI5ZX52KO7CNRTNavtxbN8gsrHU0tY47Lr1Sg4=":{"valueMac":{"type":"Buffer","data":"LF+2huws6LuvYqR2cSKBqq26Kv9HSty5NdrO41aTJas="}},"59S+/Rj/kPu13V0+esNC2z/e0Aw/eY48x/bPl0uroqM=":{"valueMac":{"type":"Buffer","data":"tRxzodirBeL5SK/2HQGn6mhOjd1ofq/szwMMNAQnb+8="}},"59vDXHBx534X4k2By6PD1YP7F96WObzyzidrZ+uO6UE=":{"valueMac":{"type":"Buffer","data":"lRVtSxb4Da+jToQfIF9MFmuCZYagHT4WBzT0KfjhqD0="}},"6OG1huwu+JVAa7FkysDdp+5U/Ww3LX1oU3v7tyUxalQ=":{"valueMac":{"type":"Buffer","data":"PSDjMjMmIvve0V4c8erXFd1q1LVcptq7YX61ST1Y8A4="}},"6e025TcMMusfAAHq398TKKQgNq7tH8L1Beo+7rMfx7A=":{"valueMac":{"type":"Buffer","data":"7cS4BUL/qoRx+qtdnR5XotAbgCcaF9CvGmYcIORyoYc="}},"6vuM8nDQAUJFE47Dwr+bs81N0GevTGxfaKIarw/bGrU=":{"valueMac":{"type":"Buffer","data":"ELtpPp3ls7D/pJY3/sDowkSCN0H6gMYXws0k15Jcw8k="}},"6y+xeNGeGkn0OQZOaJYLptf+ppU8awfND2uh17NuwiI=":{"valueMac":{"type":"Buffer","data":"ltjFPy1hTMckXVBd9BU1eRO8G0gjzm7YYZQhXdgaWmU="}},"62ZDwRYh8aAzjKDqmdf5O0+w1zPXlkdNnWNAjlwAB+4=":{"valueMac":{"type":"Buffer","data":"cJPUYjhUAcx7ah9vw54t+2lPk5kx/X1jpnxhhdadS8E="}},"66px422QjQWpVjfNQLGqi9XQhLJVb7ifmLG6aWUmiEs=":{"valueMac":{"type":"Buffer","data":"NE7s8u3BQ+cPlNBKQXP42xBLmp/SjfR9ftnTG/XQTw4="}},"7KkfS9Ydh7xe2rIa45UcgNh+WYG/hZOzyLOFXKQyFOM=":{"valueMac":{"type":"Buffer","data":"tcxBQUWQrXYHVc/rgzts5oTbWnnOvJG1VupwLW9X6oA="}},"7Uh4yf+SQoPOPve1VjhunnA9PQyJzGTlVbgUXr/ExrI=":{"valueMac":{"type":"Buffer","data":"Vit3SkOmR/K1MemNsdDA3Ro/iM4alTR0gf2ps9sAOzU="}},"7a9MhdqiAp7ckusVVkiUe1trig8f7UOLzzG9mmtqZxM=":{"valueMac":{"type":"Buffer","data":"5G7iUiociMgKKSzSaWRY9Uq3SOiziiEUOtpCUYnx2so="}},"7hlJTgj8tKb80bBUXRWrJgP0hFNV57kb1HOSEAPFgJw=":{"valueMac":{"type":"Buffer","data":"UNKkuiTWx38UpnAzogjYKTII6FvdWxBLhbsCprU84sg="}},"7ooBb6qGVIXS6hiMpkGC1MY6w8oR1IrM0cM7pSQpsZU=":{"valueMac":{"type":"Buffer","data":"zIramZwkkbT6r6jcOG5RUI0iiBMCSfmprNemcE0AZU8="}},"75+buD4THIH2fMSvmTskwD6KOssLgTqWwRwpvq2z9SA=":{"valueMac":{"type":"Buffer","data":"Uo3TGEPlzySr83tYww9MfCEtyHMNDN568oMRrk1hc/0="}},"8DM5IzZsquxTG0yq1zWaMMh8CpgP6B74BDLD6Ug3PnU=":{"valueMac":{"type":"Buffer","data":"O9FfsiAKsP2BoyQ9rphm/ajI9FXlC6lAlCWG6KigBlI="}},"8D5vm9kZJzs2DlDDwZ9W7X5Ap8RPZvu/3sAgmFCDcUc=":{"valueMac":{"type":"Buffer","data":"a8ACs/WWBC91eDFQDFHe1rcWJzNxszqrh+pczTfuSsI="}},"8geBqgfqci0HuPd5b67PFSMExEBm6ZAJDNWPgtdrWXs=":{"valueMac":{"type":"Buffer","data":"XeIgJm/uBP8CAdJpEP5HXov/H4//PYeX0lv+eVuidLs="}},"84V2tu/+AXbYsr//pFNN3HTFNzJASzLxrvzLNqm7dNI=":{"valueMac":{"type":"Buffer","data":"KyOAlxgVBsWrER0YWZ7zdrswllJetpsClLAVfOFzjVo="}},"88vQEzjuVkDsuDhhPTkY5EVKRj/YVbddXhb2f4As2Lg=":{"valueMac":{"type":"Buffer","data":"e4wTxhuqxGCasavsBfFalSzGyziqOyElDgJ9a6qmEj0="}},"9NWm4BuEqwRA5gVFJnm3N9Og+5kbxhpSv7PRS9+XJGs=":{"valueMac":{"type":"Buffer","data":"nIpemlo1exfBiNPVyk6GkgiX+nZYWAD4+y44DKGXzvQ="}},"9VT/Gp9jE2HhZ5N/QYTw2IUhFwHV35Mn2+EhntfmRaw=":{"valueMac":{"type":"Buffer","data":"X9hTOR6HUWhc7efoRHqv0kjWLm3spmUsN+4PiJqqZps="}},"9ZqolwOJ4brhe+Xh9L4ExCzb40b0YVtuW2RIxa+DJgI=":{"valueMac":{"type":"Buffer","data":"9sOGcZtsYsRNhhHQmzxteDp4UovFEid+ifWmmGAbddU="}},"9rt/jCcQ+NCdqQKrxcfXtBCFitj+vT/6zM1tcShgSUs=":{"valueMac":{"type":"Buffer","data":"09tfxdjNJ9HdtGWdTilXb79aLvn3UOHcInH3nX9KoV0="}},"95epw0eRBe0KaVQRYTTrXzfAldu+88of355pOt7QGrE=":{"valueMac":{"type":"Buffer","data":"yoU/b639dWHvK4CqtfmGHFcWcEDtd98Nfi4+q64QvWY="}},"+PbeekE8RVdUO4ViiAXDQj8wZuADfXkAze7CwA0wMYA=":{"valueMac":{"type":"Buffer","data":"G4boV1D+VS7KOXCuKAfNi8I3mGhp1sHxViMBG9pcIZw="}},"+uLb5Huxq4RuqqjcwjYkkHyjHkg0Y13A7lwjLoYJSFU=":{"valueMac":{"type":"Buffer","data":"1nBuf5E2IsJsYa5SpFY/UP5i6/vJ/sQdl0iBJ8JwQC8="}},"+xkmJ6FDIJNn2KIEBD1Kibz4dTdCjmGhnTOtU/YtuQg=":{"valueMac":{"type":"Buffer","data":"wg9sluMQDddSYaDeG6b+oG6l5NPbWJWBgmdLrM6OLJs="}},"/eCi3IJQZbvr/cSPOk7k5gC/jDt6isoye1GKY2VrEZk=":{"valueMac":{"type":"Buffer","data":"fW7zxHtr4kw99TsIOiQa/jRFJm0mBWuXhDA/mXWVlzE="}},"/vXBOUrZh0Btlw5nD3vkhsYHfbr4E27U3eIkkQfknCw=":{"valueMac":{"type":"Buffer","data":"4m6RBV9iT/hwrCLDmOk2DSrVjJ50ttpx/7lxD+pZs44="}},"/wATwc0xeoYuRbnUcdQxJS/ABopZebONljRqFyhiPBI=":{"valueMac":{"type":"Buffer","data":"8Cj7+whi8dHZdWkK0egm7Z+5zFFN3Tt4PafFdp8YcU8="}},"/16oPIfpTMzRlHQFNIx1KYYbvAVQpyVmu87p9Gvuc4c=":{"valueMac":{"type":"Buffer","data":"OPBD0JvRWChnitQX/V6PUqZAGcaHKswktRT9W6JuNt0="}},"FeFpWnxpF28/Puzqbm7rTD4YGgF1JaguHGSDjRAwAKA=":{"valueMac":{"type":"Buffer","data":"2z21LWrVqiMt57EsgG8953570eI//WQ3g0mPg9zdGk4="}},"IOG04Bq8Pk3lLtIsQECfkNsQjC34cpbSZhpnTU84ZCk=":{"valueMac":{"type":"Buffer","data":"9x8abTVOW/roMQi21x2GCtd3kIYcEBjX1hdSKlPbAhY="}},"B8oKlhLtaFjMWN9mRGzrIKjz6P3FS93FqpjQ2dF5jbE=":{"valueMac":{"type":"Buffer","data":"kzA3rsKS+RkQ8RhJjSNJnIp4xP4yUMz7tVWjJbvRbyw="}},"HFnkZqQgcVHzaTuN+M5pWdRSEqBV3pT/kgb+/CsDaI0=":{"valueMac":{"type":"Buffer","data":"+h1M409OYwqKj6NyYxKXuWePbt9cXTaydehmiy1MVwY="}},"sNksu0cXPUuOLFSj0NAYujaAg4nTvlmghmE68y+yzRE=":{"valueMac":{"type":"Buffer","data":"iCnMEc52nFGO+JwaYHeFOcx+iJvfJWkxlkYs42ycDUk="}},"O4w6XkN/CQF3Vrlbq9GfIBZ2CkgkmngOaf5B0vOwyek=":{"valueMac":{"type":"Buffer","data":"76XebJ63ArKUNtfU7h0gqCwW3Jt/FbQBETyEERoRPnI="}},"lI3lpjC1zE0oR+l0wi0foxXMdJMpcisvK/lzb8K8Hhs=":{"valueMac":{"type":"Buffer","data":"k7W5zMJPusWM10Kbf5ZHWpUuOBmV7w8mdSVXdNNMwRI="}},"i6SfHL3I87El3oHx47u3YWJ+Plu0NUwsdM/m9RuKKsc=":{"valueMac":{"type":"Buffer","data":"/Xce34OZz91ctadCmUb9RGBONxzw/7NbWHqYfvg95cc="}},"fLRPb8QHoZ0ZaTOeF9poNgDvPq0cMdPEKunMIQRvVFw=":{"valueMac":{"type":"Buffer","data":"a6slljnPEQ6B3sFb1ja1ET/jG1of1jOer++Pl/1g9/s="}},"e89zNCbXqWnpR48SZfY6DATy37RVj1hQp5tqH4bLCYI=":{"valueMac":{"type":"Buffer","data":"9xvMaUqfvXeyC5XlLCUi10ei6W/u3AEDhIJ4pnkqqbg="}},"QO5dBRv3DvZPpd5cG5L4zegsJ4G0fULcy1FmJxeX824=":{"valueMac":{"type":"Buffer","data":"XtJAARxyCP2/8/HFffJgXdXDerLmHdPU2K/DUhudASQ="}},"QxgIg++lYek98YK0FpH84A9dA+4x+yj1k6szyUoM19U=":{"valueMac":{"type":"Buffer","data":"3vzoG72o3ii7Uo9F8+aIbCkzfvTfu8892o+sCk9/jD8="}},"yVXwCGD4KWjTEKPH9kre8+v75jk5qJbeFeq8smRptfE=":{"valueMac":{"type":"Buffer","data":"bmp/z46vcUbI7JVfOA7N1ltVVBuKyA0cwm0Nqvw+WmA="}},"2JMLPyLvsWXDMTCNCMNaCexD6PvaoTMA5HEvdK2GikA=":{"valueMac":{"type":"Buffer","data":"Zajrg0f0QjQbThmlrobTF5PL7lzA7ZbpPfy5w29oRrw="}},"yK+9r9IuR3BgVbsKOyM/NTS+oWrzx5w0CphUbW9rMRU=":{"valueMac":{"type":"Buffer","data":"ixOjtHxxLryft8IC8kZgUO/Lrsuf3KMKC3O5HqpUOwI="}},"8lX77C5AiXoKKpzxMamiJnig5zrF/D++xs/8bgabthg=":{"valueMac":{"type":"Buffer","data":"rBo0ORWtVjciqtNIiF842fhqQFe7UA4p6yyRiAL3as8="}},"m3qf2rwh0d8KbCm5OOoDWM5t/rv3wiBi4xUOhgnSW7E=":{"valueMac":{"type":"Buffer","data":"CDche6cQz95AXzbogLp+V/LDtEnt3VW/I7RFbUsHdDg="}},"ozI3SnzQsQoY/jfniA0MAr4oz4VWM1QoGYMIAVEKuRg=":{"valueMac":{"type":"Buffer","data":"Vr214lLsM2gLJqe6JIaz63jsFjaFk/9njozUI54AwLs="}},"sICv9H3fPSAnMlRlqDzRTDXgCUOenxt6U4aCq9pbiXc=":{"valueMac":{"type":"Buffer","data":"4WMeGWoK7rUBOcI5c5fctAp5CVgaORnlXMpIIe3PGI0="}},"9jj+Esy29993iPNHL83jVoX2rE3npVJsH1kWBb/S/iQ=":{"valueMac":{"type":"Buffer","data":"hxF8x7HFSuEfOCIN2eR72kW3m4r3cFU76KfGMp3eJUU="}},"78hMRZloHrM08xcKZPdWVb1QTWJFnNPxHWAYfk2xMBY=":{"valueMac":{"type":"Buffer","data":"UCWOIBm7wif+qy62ZjJkQZE0zieXP2CE2OI1K5vDMRA="}},"tMjJrvo+5qX+ojsn3ydAIIVztVm7qU2jXPohmBUQNy0=":{"valueMac":{"type":"Buffer","data":"EniCH1usKI+H7S4JTIMLpkm2zg/hvd0RjVRetQviRwM="}},"NWPu1ywRHNR5uklxcJ6t/gZD+BNpkQWdWS+6w2+YGwk=":{"valueMac":{"type":"Buffer","data":"Si0Yslu4bLazK2xG+lQErYoMmd/fagVSD8kbHb4v+kM="}},"QeHc+PxEhEwX59GveDSGuNBpcQ+JMraqGqwC3mipSGI=":{"valueMac":{"type":"Buffer","data":"E2sD1FMisIskof5uEotyGwuN7cskb+PLT4ISDW4B9V4="}},"zpAR+JAkEUb+KaGNY4Ce9qaQshtE8l2l0iSI9V/TtI4=":{"valueMac":{"type":"Buffer","data":"F+l/rXQvwIZhua5hqxIbWuBGH25PzwWi+2hbRcaJFNg="}},"DwJYf4bQ7+eXxxFfmhnKqwjqvF5ChQ4sL67qagVe3t8=":{"valueMac":{"type":"Buffer","data":"NO34GZuoIG6WTeOtSrGfLGDA8D+D6Yk/UC8StxdFwYk="}},"Ucau3fbP34z/J2Lq9yv4aqOhTG9Of9zpfHr/j6EOqTo=":{"valueMac":{"type":"Buffer","data":"h4I/uTn/1JEepws7Yv8h6gf5Jq0SxXpwb7+qcaJcjXQ="}},"h8Vg6720McBip7nrdsla1X8+A0hmIFtjhoCjUM799Tk=":{"valueMac":{"type":"Buffer","data":"DO0kL/uC8CVVpcGRce+t5BpbKYef3HiLCroHO9RilDQ="}},"rZ29KKq/lpvm7oD6TyiVyS3g9XDTu+EFeEg4AxwBUOg=":{"valueMac":{"type":"Buffer","data":"Wmc0py4RKOdDCFz613aS6Ue6nwyTICjWPuGMydGG8BA="}},"8RPocxFh85CDyClBZS5nU0al3/zxjOfKJvQhi3cZFvo=":{"valueMac":{"type":"Buffer","data":"+KyWuia2WfshqNsBaJxA/QgfIWF/CSFnJMhm9iBWcqY="}},"j43URWnPwJvtsop6mJXyhvpNz35ZRkPEH5hbIQ3HorA=":{"valueMac":{"type":"Buffer","data":"wy0JyZ2i6+eJ/TrZUB8+Gn7PyA+OaJ59d2oxGtncw5E="}},"Z84zf7eYsK3D1h5LKjkmHFVSSsOegYkplvLqCOcyeCk=":{"valueMac":{"type":"Buffer","data":"KlXI0MKNYhMGKU10W2LaVOM2+k8pHSvjyexqiV2zNCE="}},"kSZspzD6guPskDba58dlP318rHZwRmzTWVX3nTNbwCk=":{"valueMac":{"type":"Buffer","data":"YeZN7UVZfMNF24SVy4EORKvkSqAY72592atUHz80pA4="}},"4J1cjJrAcg06g5xFv3+2CVMXHCbN2q2pv6K/mTyEqjU=":{"valueMac":{"type":"Buffer","data":"wilemtAky085Iphmd1/uRfWM9AcHLIYbOtOZLJJG5z0="}}}}