{"version":2,"hash":{"type":"Buffer","data":"uGLJ7NeC6JeIUUCj613We0kCmZQhSrf+eCtXTbPNhXvZ37hynRUQ66o4oqrdovnGgR4FXGq1OOutaL9plQNlG7ARONh6mB5zCJ/Hr23X3DdszmG6+GAQQJl/0O4rb+uAfLz/ru1tAsb/d81j7kCHs91b/RWW2L09iXhDkla6enE="},"indexValueMap":{"cBeE2ifef1MXjdDUamnaakc8i5MXC1LH8RRsuPGMZ/4=":{"valueMac":{"type":"Buffer","data":"/lI4vP/rSALiDOP2aYHFBvtRae43q/juqG2DJr1oZm0="}},"1NVf9TvKOoc3BLgJLxDp3CU/baWMq9o2aaLBK7iOvWE=":{"valueMac":{"type":"Buffer","data":"fOSB+X0X0nCHXzcFVi8jEW7bcwy7AuR/JlUE9OZpii4="}}}}