{"version":13,"hash":{"type":"Buffer","data":"VQYfRP73yAAU0ydJl36xqa1t4NuSgvfj2UFQEDhw1R1UtcWrBIzUvMzZGR/zpWbaDsFM0gvHkdXmkspfYhhfCA9mvcbnO42dXMiyNuJQyjIOiW4BlUvGn8C8gP2sVSd7AmuKhD7VCqSj38xPRydyYnBIl8WLsZDZ4XAZkCvvSrk="},"indexValueMap":{"BI7JcMdGPO+yN94QZVroKLKsehCK3Sokik6cStovJLg=":{"valueMac":{"type":"Buffer","data":"FtNZxjdam8EOlE3rKqt7dticC/sUpw3RicTeEqJcZSg="}},"CO0JYDyNzIu5xgi/hx0uuSAzsf8a+O9wv1r6A/7WCkE=":{"valueMac":{"type":"Buffer","data":"vQ9FAHhLN3y3wLrxA65Wtuti6PgDceW3oebDi0UlUb4="}},"DZFsAhW4e5xPeiWIESeM0g7s3kp2fyCOuYTbjJLjAh8=":{"valueMac":{"type":"Buffer","data":"8C9WRVzzsHBI6xiM+ji+tnI7rH0nGIaHRxuYvuOwu6w="}},"E2GarfHlCK72mcoWgQXmhYMgqGZxbYLQtuRO8sbeF5U=":{"valueMac":{"type":"Buffer","data":"FwK2xdIrMUbUuqFJuYBqAf4t+So5bIgg4vFt4hTy4LY="}},"Gl7cMi9a7vXDrnG17l+8NGf0m7wRHvqHSUCMm7bs0D0=":{"valueMac":{"type":"Buffer","data":"buUL+lAt/WVUg0APNUeUSnJkGaSqVLk9lqH5i8D7Amo="}},"G4sPpe7J1fqUDxXkYmxuZDSjp+rsMB/RIWLbsdB0HQc=":{"valueMac":{"type":"Buffer","data":"8b2TOXF1qfQmSyfRfYT+65XvhS8tshU/hrp0y/nT8Lc="}},"HGb9chmtEd62JOfM8XvqrO9YpBf2Vs/qnISd5Yyasx0=":{"valueMac":{"type":"Buffer","data":"zguoO79Mxe7Jmp466hI7HAARnKGjHtQ1vqak7GRwVUY="}},"HvRt3P8MOUAoJeNomTl2XlJDIVZegSGp0C2WNVnuw0A=":{"valueMac":{"type":"Buffer","data":"RnFJ6ywwAhpigmxppHxpzVkF3N3ce63FV+sfhxknVzE="}},"H2fENPc0K31q5jnmD5b1JGgfhtUiVA9irQFzC+WyYwA=":{"valueMac":{"type":"Buffer","data":"CHTctmraZ92njgyaFB4i48NU4zuE27XkwshSs6uJpB4="}},"H9/PNwyjRDeuOnq7ojPPdQq9iPi6xqeZl3GCU+i6XKk=":{"valueMac":{"type":"Buffer","data":"pLyNo22PBwFBAXJP/UZjJ7+IsRBYZSSjHRRTwVKuVBI="}},"IcXErcPajHUTw14/ml4LCBEvvN6LidFl162xY0PEktc=":{"valueMac":{"type":"Buffer","data":"sB+cWIg7zhvpcFsT4OC3pjPfASTSJ71wL3P4IRF8QO0="}},"I9LhA7tsNbeUoWHLIYNDyCk0fUX9VQKCnvjNoDGOxv4=":{"valueMac":{"type":"Buffer","data":"dynyBDqf6yM/AiTDAoxmGBiefItrv4lYw0Y1peDjrx0="}},"NX7EYmy9AKutbPqYTrup97Df8rx+JSqWymrGjA1Yc+w=":{"valueMac":{"type":"Buffer","data":"VemJ/kSnhXZTFbG6V60DUsrt4crFxijqt10uN5xpCY0="}},"OGYHlN1qH5P313erivrLYGvOnLwcOZ8nwAkwTsjqCpg=":{"valueMac":{"type":"Buffer","data":"BuqEyBgSo0AE/ZVXwOwAjBcu1TWOhbkrNg5jkuI4PLY="}},"O0rjDUcGflsoW5CtVSEUiaXwgQ1VU8wb/Rqg5UCdrqI=":{"valueMac":{"type":"Buffer","data":"phV5hfYFzhK9aXoURQibXOBtrcpGHIir81ZPYo99AIs="}},"P0nuQo5NtebbXwR7UAn/aYJUQ4JPkBOqCe4g4t1p4uA=":{"valueMac":{"type":"Buffer","data":"3/dAnGfvzXO2PMXkT7knYFmlwofWrTfmWr5W0uN9GB0="}},"QMIjqT4G2ZrWSSFnfFklS9sgIRQm8GAU5z1gVYlhB+E=":{"valueMac":{"type":"Buffer","data":"aiCWX50ezAejOBGV2XhkevDGLypmY0rtuWtEonNBtC8="}},"VwTfa0Ze9Z8uEA8btsVY70ZGzwcWXeVz7DXYceODfts=":{"valueMac":{"type":"Buffer","data":"XgaPeaKT9Epyz/iyIYuHnqVjQ67D9Bi5Ok2/Okc9Nwo="}},"WipICZZ7SjpS2+ET80BNvxnr9sKTnA8ubcp9fFS5+OM=":{"valueMac":{"type":"Buffer","data":"5e9SQGE43kLIdYHDvApEG1a3JI+hSGy66PtZ4dI8EyY="}},"XUMD4pxk/94BTA99e5oyKsk9Mk+kBBkTfVdtpRF6SX0=":{"valueMac":{"type":"Buffer","data":"GUYooTYsNHm+nOxvS20u6ObVY/SqWV8ZqaiTP3HaC9o="}},"X6LqcrLMejKV6j4/oPv8vw11OPU3fiqbiqwGoWR0AVE=":{"valueMac":{"type":"Buffer","data":"9KrFP5EkL04aOnE92gzDAt0w495H9VLNNXCkxVGU9Bw="}},"YCd7Djw9uKAwEf6rykMvoiZiw1zlsW6VEsueSmFnNjM=":{"valueMac":{"type":"Buffer","data":"K/i7cAQu4NHIlxPAksVB9JQjHCyLlmUn35vDPWdF6Ig="}},"YF9ICdXxFK9WYyrivVMLBiYRmw0qTQSDI3As8PEsyiI=":{"valueMac":{"type":"Buffer","data":"3pf6/St9vePg8bfl8rzZXwnwY51J3VwX7qwQzlrkHhg="}},"YQXhggn9LwuM2XPv7soj2X415K3o1HWJAaQ3e9n3NKg=":{"valueMac":{"type":"Buffer","data":"GRqv4mPB4zKpds5dsdg+KDpUvzDOtYlY2aOTCSuquC0="}},"YxzZCPXj7eLrq/+Tpdkhu5Pd5d/7j0itg8CYL70EeuA=":{"valueMac":{"type":"Buffer","data":"zF8ACDy2kfk5/z1x0RS2h371KBYec8RjqupxQCRhu7M="}},"ZXugDg5Z6AEJ7ypp6F/xtybA+JVkUK+6lk3BS2bzWnM=":{"valueMac":{"type":"Buffer","data":"8X8GjmxVhkrKVf9n87BXiQ6Wi7cok8UExOhhf9NE0uI="}},"aDFiuQ27jw+PzpMKaMXSfrjz0f9t8ePKDG4BQOthO48=":{"valueMac":{"type":"Buffer","data":"T1/BhCu8tt1q7LIvLc/nEYWM68s5SKvYt7+PoB6qhDo="}},"abC0Dj2i5ADnCultYTGCNaBeG1Da0Edu3AIzunzJ59Q=":{"valueMac":{"type":"Buffer","data":"3v3l3ArdOY6NYJMAjk2ZSSCPNGyZRoDE8InUuMzH848="}},"bAPVLpWSHPbGorDuJc2sFNc+PcJo7t1goYy3nG2oijs=":{"valueMac":{"type":"Buffer","data":"g6y0LxlbGS3r1PqE378va4szscWEcgehbDrVlVMrDXE="}},"biFON36PBc8EBXoZmTHEymlHy/RpSkQWfF6+DJDcF9k=":{"valueMac":{"type":"Buffer","data":"GOEYlg201rNGnehH4oIOH5CS2G3qZXmlc4WlnQNL0JI="}},"cG01Fx9eBai7IkD2qGR6gYP70yPeFcy4tdMIaj3ZC/c=":{"valueMac":{"type":"Buffer","data":"gTx74hwGSaB+hSsR3M/9yuRHeYhyOm/yagBvnGgfEzY="}},"cPJtYmHkb38hzP0y469CTHt6q++niCoi4CuCHuaMwbA=":{"valueMac":{"type":"Buffer","data":"7xPOEtHdVJdSfbs7NaZ7uwXEV+KjCdroTXRjt5QIP+g="}},"cVTtzlKPD1yH/HAaH1MbLTPPl1kg1LFg2Uoe8gVxJUk=":{"valueMac":{"type":"Buffer","data":"TKSWiARCDc8Lm14AVJWq4DsL6GLXfgsctmWh/zhxSns="}},"dE/C82U3XvvwteAmlXeuw+pjPMcDcgpRhWwxfBhtomc=":{"valueMac":{"type":"Buffer","data":"XBEB6Ax3GowsmZ4TsuSwilEk4U7I6CgiZu8Aiyn0x7A="}},"dOVWd2I966pNAiIdJwt4hJ2R2j5Q6ZFFujzCu3Sy/5I=":{"valueMac":{"type":"Buffer","data":"eybNhJaNUJuHn9QfsLFdigRmo77bpRdR5tJ8NNu3wPY="}},"eR1XffJEocX4rj4x6gS0AtMo4TYtytoo2Vllo5yk+zw=":{"valueMac":{"type":"Buffer","data":"VfBovt0evngzqg1FNlDBx8RlwJAhGA76H6bAJZolIqE="}},"fXyp/mOArxQFP0fcPrI3+QV68ww0qhK6r9RHTTl0MDA=":{"valueMac":{"type":"Buffer","data":"TU5OO8ivEH9WdbESor4BTBqkBokiC9cv1UH8oobfXV8="}},"gQ4pM0QmNIRYYEMNkMDvDv7MAsUzFInUxpfvJKkLZPQ=":{"valueMac":{"type":"Buffer","data":"r0fLFl/5dLbiBRZy53zS8WMn5AuwDkdffpP38rTelFs="}},"hdCYHcX4IjX9j3jiN/TmAjV24cyzSYeuljOtSmGbGaE=":{"valueMac":{"type":"Buffer","data":"0+ZNmAKvLyxAon4pIzcQjhJIRyciaUIQ141B7v2Wyhg="}},"i4S8SWK7be4jKUV8jVtuI3cYzrxtthLNioEvoEfBXXI=":{"valueMac":{"type":"Buffer","data":"9Z216Y8KQGd4u7oM1/A1voeiXjS0GQ9OXYgJ9HNMSQw="}},"jdAgK5DQij8xktHvSX+yim/qFV4qh+/47qZHnd6pSf0=":{"valueMac":{"type":"Buffer","data":"YWmQQQ4snmzwQezpVW2FM8EtAoiPYctc5FxJjt63Irw="}},"k1T4Si4Wc40KFH9MdgO8rfZaH/i2t5hdcKV1eD+l8pQ=":{"valueMac":{"type":"Buffer","data":"bSfijrurB1WjOFPJb1HXi4WvZsZ93DutANHVFDkg+hw="}},"pOaaaOiGvgInrGq1DKU/s2VtA3Hlkkh1z5Dp94YiTiw=":{"valueMac":{"type":"Buffer","data":"Z1tWMFp6s4Z6m+epDil8CaiesCRB23CAE2FOWYq2jHg="}},"ppdm/+MoBg3rRn0LYtI4cOKbtTBOXJEYdsNrHqQsB3o=":{"valueMac":{"type":"Buffer","data":"pXli0K36+E3E5BfS0nhoh6KeAragvGQwGY22QJF/BtE="}},"pre82Ht0mkINYtAcQ7H3XPS8LS4qs3EEJ7veCoWzG5A=":{"valueMac":{"type":"Buffer","data":"5oP1u2uTx59JNyzQyWyjq/AsVnOIR/qTS7MzZZRI2oQ="}},"p1tDJko59j5Zkd7S927eP+dxrXhmUHhXVBl5oIN+FrM=":{"valueMac":{"type":"Buffer","data":"RJsY+3Zt/rhF1SrmkHmLfN4Ihp58+cYSceRwy9ga4WM="}},"tOsL279W45So3dGKzRLjH+rk/2KmJjocvF3UTX9tG+Y=":{"valueMac":{"type":"Buffer","data":"r6s2LbsppDfdiJhcacQRO4zZLz5NgJsb3LE1meI5KvA="}},"tUfv8Z3GxWY8wm17tcZeU1KaZsSYJyI0YiQInR2be0U=":{"valueMac":{"type":"Buffer","data":"eEGitepFQ+z82fucIMOgfRdyX/hR+fzHLfP70RHfjqI="}},"twEcPQ1CU8ZafmWpogmxAlZOpdUjrAolPntEJNEuEok=":{"valueMac":{"type":"Buffer","data":"TiZUsBd1jkdO4+2c0IzuAkkIHHd3QsqSWuU728xCOuQ="}},"uj8aVByytFCr7rXSWHFOifevGaTs9sz6LtqG59F2Dvs=":{"valueMac":{"type":"Buffer","data":"bTmajJpKcjZivQnPOrZLYcWMUJLQoXPr187CMj1jmEg="}},"uzQEp4tsFbIJfl86Xs98xfMw6kEKUO8PPGV8Ia1fAgc=":{"valueMac":{"type":"Buffer","data":"+uR9uCaNTSweqwNGXrPx7hW5uIk05+MTXjuYU9ljYZw="}},"uz3eWkx771W/icZwFjQhb0Ln8k2npdFV29WUyNhR07U=":{"valueMac":{"type":"Buffer","data":"4nk+VSIAqDW/iVq+xLYFWJVLKkZnOdroeXSGhu2oD2o="}},"vMXOdvKsbyHJ7nLeDoPquk7s5xzXP34gk/jS2og2/ss=":{"valueMac":{"type":"Buffer","data":"6JyxEP/35vegHNDCtXmdw1ZKL7kGmRhgulOnJBotnyc="}},"wfgBSJDmdsZLLFaETuq+XBzpIb7oD6qqWqpu1AFHhUc=":{"valueMac":{"type":"Buffer","data":"xrgWiknj+5slWK+f102qI1lbd6FfOBkFUv99zwjBFxQ="}},"xpF0a91EArSa93h1w9Wi+ekE7wNDRFgh/i0+L7TxRWE=":{"valueMac":{"type":"Buffer","data":"Ms2GXz8tYOe8IgxVrPgnJKL2c34mG0YqC5H6xmEAO0w="}},"xxZgSZaHCRFe6frahnZ3WpyQqzQ3wpNR1X38cnRoRtc=":{"valueMac":{"type":"Buffer","data":"T+4GVn1+l5RAQN8NlcbPktC22nN0elcjw9+qWKR2Y5Q="}},"yov3mjtuRG1lZ3X1yLKyb79tMxbbJjhrixJNS9asNx0=":{"valueMac":{"type":"Buffer","data":"fz9bAsmhZ3sRuviQewcqQChYvkTszo2MPCXSUULSHQw="}},"z0PZjtuVdfLoSG/c02ZvFR9eJcwHQhaeg0Kf9XJRWi0=":{"valueMac":{"type":"Buffer","data":"eeMqpF/pGXILP+RdRJTk3d9Rtv+kwX2SCiYEIOGxGIQ="}},"2PeO3N9+7vK+y81jpYWmjbG9rnxb7T0yzvCNgYWpkgg=":{"valueMac":{"type":"Buffer","data":"NKWrjFQyqijNJ+CYtUBnCcQlg0/SOMJyqIYNg/5c5N0="}},"4UxHnpNnmAkyh1QPwscMvbWtuRGW25FnAAUz8ATWHWo=":{"valueMac":{"type":"Buffer","data":"mLFXcuAvT3BT3edO7TyDV3oqrZlngKSUJQlyB0Lj/qs="}},"4dY+2c9RorliZgpjVDpOvcn9EhMcjGNWzvsZiaUaZxU=":{"valueMac":{"type":"Buffer","data":"aAGzvC5LF5F6zfG9ohwp8tSGE8wYauHyp/5SNj3/a6U="}},"4qkyfmEe7epxQKwbEKmuwN5WhwBbyZPtD2sF0dmNsBQ=":{"valueMac":{"type":"Buffer","data":"vGdQ5Eit5zZ7afGeZsmsFvOAk5j+R8nO67dgAlNwZF4="}},"4vO2rOBi2P05/sTM41Q+bKgKPM2KlOnLg2Ply9xLy7A=":{"valueMac":{"type":"Buffer","data":"WCrJRZVShop/dS7S/JkJ959jXP/abHmNONTglwlFcOA="}},"5coVwOy8Lida5XvCyl84830XVAUCJELV3hQWxEhin7I=":{"valueMac":{"type":"Buffer","data":"/NqS4xKQQMQ9ADTJ8SdKx86HhYhdoawDRflAWu+UEKE="}},"7VP1NNLXA1bpJpMqeJYlN/dH7Eh19vimlQ62gIWWEpI=":{"valueMac":{"type":"Buffer","data":"dstBC+ProPGSHfJKisH6mMLHGn2Pa4uEUbfEvQ7HshM="}},"87f7NUM1XwSxRcS+9zKmDZGhkC8BI0pRrcXvGQT7fEA=":{"valueMac":{"type":"Buffer","data":"OXRi7ljlkfreUklzxkRpF5IjzSzp+QH4TRrPM4dpjz8="}},"88uvfk93kCpWByQwAjk+oMGOqyAMt+TJrxzJuijksic=":{"valueMac":{"type":"Buffer","data":"H0h369nj5uKYi8eUwUzlTF3W3gzKUiaGMdEGkbELfis="}},"++bjBNOUkykkx4706Jy3QijOY7FuUCs3o+PC6PkDYVU=":{"valueMac":{"type":"Buffer","data":"2Wk3wBUJCa9MO4WkG23+y1FE49lwk8niieg2lcV1WQM="}},"/i4Y/qY1gejhCGUz0IDl5bOV0ofuI5gWjVpkghVT/e4=":{"valueMac":{"type":"Buffer","data":"PJ9MDZfSXGOeJr5yJgUkRrAXZDPiZR6CMUBAl7MofJ4="}},"vX5H74+8nAjMBIYoFVvWMjSwBLtpswEkAdivuwbKbsk=":{"valueMac":{"type":"Buffer","data":"DhImd67THoeZV3ezZjPAZtn3//QsuEEaP6vVkxVB8fU="}},"lueKz9hdz57ScjOYgRIh7zEJ/C/aXJQv2j6S2SN6B58=":{"valueMac":{"type":"Buffer","data":"4OXloPeSLEo3eUej1WCA7I4iCFPVUHa2z/0db7DxLTI="}},"20cB8DvT6nd63M8SOH/PfXHQwuoJDNaddtplZ6LKfOo=":{"valueMac":{"type":"Buffer","data":"RNYQW39gJjBEGpqlu+R/rjRwOjAoLYEnP9bQMhug/mk="}},"JA+ULNWPLQow2SOU/m25gg6+DvTtnSJWCCO9zDc3cos=":{"valueMac":{"type":"Buffer","data":"KlShDoznToTIP+f7noQCANX8myG6aAu39GoYxTy3RIM="}},"ZzDfU6vcjlljudUhRNzW9F7LELXcylRivI5V3umZ3qQ=":{"valueMac":{"type":"Buffer","data":"3w2rxWKBV3G8U3957KH58ZsHQcS40FZVSsWtorIzvT4="}},"ObDdpugnKW2hfqElbG4vd8ZJcD5XDykav0Z5vpBl8jc=":{"valueMac":{"type":"Buffer","data":"2/8XYR/YNyzbjCDcdbkiefWAzG6/JmIg1nVmU24rmqo="}}}}