{"noiseKey":{"private":{"type":"Buffer","data":"UFiHGuFfG8k08WTZ7Fp9TN58WvVgpJ/6VYriXie7+2c="},"public":{"type":"Buffer","data":"XJrNeUDeRpeoimDZJqeNBIUjZFwQov5wzBMvax/wq3I="}},"pairingEphemeralKeyPair":{"private":{"type":"Buffer","data":"cEDftlsm0ZoZ1qcpvJnaimZ2PmxkbL1ja2/uoEJid0s="},"public":{"type":"Buffer","data":"FNcx19uzwhklgEGTsR/ADKs6yczIr9ctnV3/O/z1KW0="}},"signedIdentityKey":{"private":{"type":"Buffer","data":"8C/o1br7OzKbzEBWO5XFImarCHSeUuYjeKaP0O9y3Xk="},"public":{"type":"Buffer","data":"K4rcgWf2a36tt45FWzt1T8+znNm5W5nAerj456K6PEA="}},"signedPreKey":{"keyPair":{"private":{"type":"Buffer","data":"sBiTnENVGm40Y+eSZhR0lfhG85tySRuCP7tzuD7DT1I="},"public":{"type":"Buffer","data":"v3sWhgi7IMPH0h+2G88ylTVgQbVSTAvJ0zIR0hBoknA="}},"signature":{"type":"Buffer","data":"4t9iQ6QCxsnW9byOpvBf3ZuGlQKmAg5m2sO9svykFP5YBqHPeNFfnJquLug3bwx7ExvclIUm+go0usRY8FykCg=="},"keyId":1},"registrationId":5,"advSecretKey":"XbmL9+6sfDPhi0U6gyBgGRqm7KdmssAVF8Y2cR8OYOk=","processedHistoryMessages":[{"key":{"remoteJid":"6285161710084@s.whatsapp.net","fromMe":true,"id":"F1808D2CBDCB09EA200FBB29CCDC35AA"},"messageTimestamp":1714125178},{"key":{"remoteJid":"6285161710084@s.whatsapp.net","fromMe":true,"id":"ADB34A0640499960BFD613AB1FB8A654"},"messageTimestamp":1714125178},{"key":{"remoteJid":"6285161710084@s.whatsapp.net","fromMe":true,"id":"C24E903963182517E88694B7A4728331"},"messageTimestamp":1714125195},{"key":{"remoteJid":"6285161710084@s.whatsapp.net","fromMe":true,"id":"D839BDDAC37CD980BE89BB89FE7F51D1"},"messageTimestamp":1714125202},{"key":{"remoteJid":"6285161710084@s.whatsapp.net","fromMe":true,"id":"2748A756BEBEFF072FC7A1D4987F62B6"},"messageTimestamp":1714125208}],"nextPreKeyId":31,"firstUnuploadedPreKeyId":31,"accountSyncCounter":1,"accountSettings":{"unarchiveChats":true},"deviceId":"hTvOsg07TeOKfiRn7sss9A","phoneId":"53398ff9-de6b-4538-ab83-45931ac9046e","identityId":{"type":"Buffer","data":"esiglg2JJN7GoIINAOI1jn5UZZ4="},"registered":false,"backupToken":{"type":"Buffer","data":"KBqi5z+5WbasIs1cbLCy18UdOEo="},"registration":{},"account":{"details":"CMva4/AGEPPyrbEGGAEgACgA","accountSignatureKey":"KSvPCkaM5gc1Cu8wfdux9inY8gan8u4hlam14njOYDY=","accountSignature":"p/7mQp6JMOyDiHQMH6cK4F3y+hFqptNPuW7VCsFyG0l8N1LnRQcqsaVanWLy1hBhH/IEccNQmFduWUDQVt4ABw==","deviceSignature":"WJSDTtWXpRXBFVebfRLQ2ih/dSfhQRCAXY66XtJZdYVaLCfijy/N9KWu0zRtZ6jWtn7wqCP589mZRPzDXXzTDw=="},"me":{"id":"6285161710084:22@s.whatsapp.net","lid":"73809147240455:22@lid","name":"ALVLP"},"signalIdentities":[{"identifier":{"name":"6285161710084:22@s.whatsapp.net","deviceId":0},"identifierKey":{"type":"Buffer","data":"BSkrzwpGjOYHNQrvMH3bsfYp2PIGp/LuIZWpteJ4zmA2"}}],"platform":"android","lastAccountSyncTimestamp":1714125827,"myAppStateKeyId":"AAAAAECP"}