{"_sessions":{"BVbNbGQfrf2T9FdALfNBPYBmmeo9F6Ffk6XFc+jjBHgq":{"registrationId":1763011263,"currentRatchet":{"ephemeralKeyPair":{"pubKey":"BcAkOSFgBPxSmWZokA9odPjxa9dPiRp7OaThuTjMSvMb","privKey":"cGdLrgw9zReHuJ7vryylop5si56tSZ0zv2rYuJZajXQ="},"lastRemoteEphemeralKey":"BZtDICiPr3TziZ22aJaQ3GkhEOdLNxzBs7ttGsjT01wE","previousCounter":0,"rootKey":"OFrY7ahzm7cE0V8rfYwTU+s8/wTYk9S9HwbpRtCkaDI="},"indexInfo":{"baseKey":"BVbNbGQfrf2T9FdALfNBPYBmmeo9F6Ffk6XFc+jjBHgq","baseKeyType":1,"closed":-1,"used":1714126194949,"created":1714126194949,"remoteIdentityKey":"BWmQpNDonddWsbQutAXLKCQuIqZ4ae1tuRlN2mRHg2gz"},"_chains":{"BcAkOSFgBPxSmWZokA9odPjxa9dPiRp7OaThuTjMSvMb":{"chainKey":{"counter":2,"key":"9Z10KGHONUk8s8i9gQFVoVNnm1yu3YO3nDC3fnoUSRw="},"chainType":1,"messageKeys":{}}},"pendingPreKey":{"signedKeyId":0,"baseKey":"BVbNbGQfrf2T9FdALfNBPYBmmeo9F6Ffk6XFc+jjBHgq","preKeyId":12847964}}},"version":"v1"}