{"_sessions":{"Ba7E5G6JH12GmZy9qIL6zOA/gLuKXF+gNEJJHbWdm6NP":{"registrationId":900540729,"currentRatchet":{"ephemeralKeyPair":{"pubKey":"BYtOBC/PTTW6bl+hqvpj7JPj/6lZkDpD22aF3N2r8tpI","privKey":"YDFoxs+TgaumeRFHvnBQZ1mkUbZiNseejZHiqN/8/nQ="},"lastRemoteEphemeralKey":"BXsaq/OgrvvKi0b/qsXUQcEeP9TDe/AvY73lAJ8CWzo4","previousCounter":0,"rootKey":"VvRRMpfDF/emw4S2oPsLyIqxQuob0NS4C7Q2UcY2Iag="},"indexInfo":{"baseKey":"Ba7E5G6JH12GmZy9qIL6zOA/gLuKXF+gNEJJHbWdm6NP","baseKeyType":2,"closed":-1,"used":1714144356012,"created":1714144356012,"remoteIdentityKey":"BdZyQTzVZmFARAVYqMPSLPRi2K9eLHFnONt9wzjFoZx9"},"_chains":{"BXsaq/OgrvvKi0b/qsXUQcEeP9TDe/AvY73lAJ8CWzo4":{"chainKey":{"counter":4,"key":"CKpG3rmg6cwYN9MYpmX6Nlj0MBiXkVroEDtvDeRKfRM="},"chainType":2,"messageKeys":{}},"BYtOBC/PTTW6bl+hqvpj7JPj/6lZkDpD22aF3N2r8tpI":{"chainKey":{"counter":-1,"key":"x5IPQJhcmH6rSqqS2fQSKwDy7YKsbGds71zgVGl5ZhM="},"chainType":1,"messageKeys":{}}}}},"version":"v1"}