{"_sessions":{"BVeZ7e3JabC3QjKLeBaimU+2ZYHBT1Y76+HLUbxmjoop":{"registrationId":1771547014,"currentRatchet":{"ephemeralKeyPair":{"pubKey":"BVWRQ+ZVfBYHB6TJGhMmgzFCcfAMAm4Cnyxj4T48gQZz","privKey":"eOjNQBkfRPcO098q7fvIvuJ9aWQS54a+9RnutqV0zF0="},"lastRemoteEphemeralKey":"BZxAdkbIfmDz8Qsqd5HYoMaCSmiWVg0bgPjAO1Qf8shD","previousCounter":3,"rootKey":"PrFtl7ShAi4E0R3o2vRy8wQj5IoIvjh7SV/aKOnNRbg="},"indexInfo":{"baseKey":"BVeZ7e3JabC3QjKLeBaimU+2ZYHBT1Y76+HLUbxmjoop","baseKeyType":1,"closed":-1,"used":1714173062097,"created":1714126194945,"remoteIdentityKey":"BYzZRwYETVCrD/N7xsNDWNvpnHMUOKtQfJe5e1Ahj7hV"},"_chains":{"Be/clnWtlddcz7PzgeezH5T5ZGD44TEGRmRPzxUuQ2JL":{"chainKey":{"counter":3},"chainType":2,"messageKeys":{}},"BZxAdkbIfmDz8Qsqd5HYoMaCSmiWVg0bgPjAO1Qf8shD":{"chainKey":{"counter":1,"key":"r5Nv8u//I6DFNnKKrExbcIi2L6+U5SbvBSY+QBCKOJo="},"chainType":2,"messageKeys":{}},"BVWRQ+ZVfBYHB6TJGhMmgzFCcfAMAm4Cnyxj4T48gQZz":{"chainKey":{"counter":2,"key":"UfZLrMgENghumSDWndKQ5UbP/TyKJniw1zxXk95/4lg="},"chainType":1,"messageKeys":{}}}}},"version":"v1"}