{"_sessions":{"BXksp3zAMhgwqQrPTK7PaQrTMBvL5VfBlH5xEm9ebbo3":{"registrationId":472188179,"currentRatchet":{"ephemeralKeyPair":{"pubKey":"BUO1TryEtLS2MGAWfZ4G1z6fCjqu8x93mavreTT7/eU0","privKey":"0EQYlEWC3oLCRk8ii0HsRKCpgs34pkecFTSJud+ncWY="},"lastRemoteEphemeralKey":"BanC+8VEigB0eXibVNa2C85I6+3GzVWJ0S4WqQ5kUZ0S","previousCounter":0,"rootKey":"MdfH84bNbOWUJ2fWIKxXKZNc7NdBqmIaOWuQ3kAx1k4="},"indexInfo":{"baseKey":"BXksp3zAMhgwqQrPTK7PaQrTMBvL5VfBlH5xEm9ebbo3","baseKeyType":2,"closed":-1,"used":1714128814090,"created":1714128814090,"remoteIdentityKey":"BTUwmQg/mlrd8iRZ7cT5zu6MB7aAaOfINsXWDcIei3Bx"},"_chains":{"BanC+8VEigB0eXibVNa2C85I6+3GzVWJ0S4WqQ5kUZ0S":{"chainKey":{"counter":3,"key":"LWHoXUx4FLJ/pgDBpYRJAyHN7OLGpKzLx6lBTsdxiOg="},"chainType":2,"messageKeys":{}},"BUO1TryEtLS2MGAWfZ4G1z6fCjqu8x93mavreTT7/eU0":{"chainKey":{"counter":-1,"key":"c/uiqNuFv3sGMjM89B4tMGqz5WtPwnLKV3gOgK/QH5I="},"chainType":1,"messageKeys":{}}}}},"version":"v1"}