{"_sessions":{"BfjlO6iUNNtjlUhUQTTKjMFzj22z3cCNui49cyOpZdck":{"registrationId":1769274815,"currentRatchet":{"ephemeralKeyPair":{"pubKey":"BcuMO5Tog/TZJMtMRY5OwG6svQNJ8/0CfGD86qvnSnoL","privKey":"2NB9EETZb4hliQAbFh2ST6WBHActf4cfG8gcGreCYkA="},"lastRemoteEphemeralKey":"BTQbCJWZYC1ZWupwTXkXS+zdQJ7E4pfBRRQgysdeGfEV","previousCounter":0,"rootKey":"nSRpDxpcCUK77v8ZwOm56ooKMxDjhCFHmpz5W0APKlc="},"indexInfo":{"baseKey":"BfjlO6iUNNtjlUhUQTTKjMFzj22z3cCNui49cyOpZdck","baseKeyType":2,"closed":-1,"used":1714175941305,"created":1714125177716,"remoteIdentityKey":"BSkrzwpGjOYHNQrvMH3bsfYp2PIGp/LuIZWpteJ4zmA2"},"_chains":{"BS1dUsKXBMPS1x6WQ3aEYVbp8gCyAouLyNcFXGKNkWoB":{"chainKey":{"counter":9},"chainType":2,"messageKeys":{}},"BSMZdP0GtxK3lHfqaQ52Ymk+K6y2Z69/z9tMmGYoscIc":{"chainKey":{"counter":2},"chainType":2,"messageKeys":{}},"BRH2lxaLII07XjJFEMODxAsgdKHwYCMDaY+V9kuzV5k7":{"chainKey":{"counter":3},"chainType":2,"messageKeys":{}},"BXbar7x7Dl9TQs1evgH+vq/LACMwm/cmHsnLf2etLtEa":{"chainKey":{"counter":17},"chainType":2,"messageKeys":{}},"BXozGBwYyp9ms5GPo7Sxty9+rnfXbmfdyACGh3ju0SYi":{"chainKey":{"counter":1},"chainType":2,"messageKeys":{}},"BZOJqVhGiJ8+x75qswGcAc5FA27fzOuDJ9724CoUpd8u":{"chainKey":{"counter":0},"chainType":2,"messageKeys":{}},"BQrt/Rif4iLpYnbV24+GO3NEc00wKk9q510AYht6mDIt":{"chainKey":{"counter":0},"chainType":2,"messageKeys":{}},"BUYcRH2NA7RIAqbfxtJ5H9ThMmhWF38DHXymMNgC1BZh":{"chainKey":{"counter":1},"chainType":2,"messageKeys":{}},"BTQbCJWZYC1ZWupwTXkXS+zdQJ7E4pfBRRQgysdeGfEV":{"chainKey":{"counter":0,"key":"gmFg+URM26RBvpm0vzXE0dB/crWr5v/o/C+vAuKOO2M="},"chainType":2,"messageKeys":{}},"BcuMO5Tog/TZJMtMRY5OwG6svQNJ8/0CfGD86qvnSnoL":{"chainKey":{"counter":1,"key":"tVpcG/xrP12Oq64gSuQwd9n216RwGSph8GaNNT1MuLQ="},"chainType":1,"messageKeys":{}}}}},"version":"v1"}