{"_sessions":{"BXSGp3B+38/y3bv0eMYyT8yd4fhenCjIxDhlQu2QcxND":{"registrationId":316653440,"currentRatchet":{"ephemeralKeyPair":{"pubKey":"BVhQHr4aYqzGiZpVjsGdNLOVlNORF0gv3d2ekmIHMF8J","privKey":"mLYrvf4xrjwomk05yr+SCfysbjqn5ERKgswuwkeObEM="},"lastRemoteEphemeralKey":"BQuZr1OUG02Hfc4wNyS9cVxaZRWmRs1R3Q1/BszPQTYq","previousCounter":0,"rootKey":"Svb99cswkVrvfFVSNRUcNLRQahwnZC5Cq2NumJ/5SX8="},"indexInfo":{"baseKey":"BXSGp3B+38/y3bv0eMYyT8yd4fhenCjIxDhlQu2QcxND","baseKeyType":2,"closed":-1,"used":1714144356447,"created":1714144356447,"remoteIdentityKey":"BQHGQhDwSMTSf5arbiDT/3lebEE7+EgekbScGtN5JnpE"},"_chains":{"BQuZr1OUG02Hfc4wNyS9cVxaZRWmRs1R3Q1/BszPQTYq":{"chainKey":{"counter":1,"key":"py4wrtpLNAXGKej3IWVlhxno6oUSIEHZwYRKjlJNb6g="},"chainType":2,"messageKeys":{}},"BVhQHr4aYqzGiZpVjsGdNLOVlNORF0gv3d2ekmIHMF8J":{"chainKey":{"counter":-1,"key":"VrMbq2XQCiu9TgntXY9hZRjit/Kwt5fKmaRj9461jP8="},"chainType":1,"messageKeys":{}}}}},"version":"v1"}