{"_sessions":{"BZtpQqaG3p/B2ePFToPioZH5e6+cDgQEVjWB3GdlpaJ4":{"registrationId":1993971971,"currentRatchet":{"ephemeralKeyPair":{"pubKey":"Bbt1noc4IEgPRVgGdr4sD8yA4Uuq0Na0mauq7mgCY48W","privKey":"MHsrr0avFyIBwaJZ4bxNKAxq7Oieo55WQfi5+BGJbkQ="},"lastRemoteEphemeralKey":"Bd04WrE1bwLPMT/RX+BniP3WkIkjawimMRniC/air9gd","previousCounter":0,"rootKey":"9Wceo8V3CmCrBwfc0Nr7AKXkgpcX43JJdVXBCmM/sGk="},"indexInfo":{"baseKey":"BZtpQqaG3p/B2ePFToPioZH5e6+cDgQEVjWB3GdlpaJ4","baseKeyType":2,"closed":-1,"used":1714144356091,"created":1714144356091,"remoteIdentityKey":"BcqDfKe+mVb1EJte4p7VHat2WkjAmWbEosMLd0CyBGRy"},"_chains":{"Bd04WrE1bwLPMT/RX+BniP3WkIkjawimMRniC/air9gd":{"chainKey":{"counter":1,"key":"8uepByrHlfrZP06bSMM5XQDBd5Qyn3v1TFzFF9Gomzg="},"chainType":2,"messageKeys":{}},"Bbt1noc4IEgPRVgGdr4sD8yA4Uuq0Na0mauq7mgCY48W":{"chainKey":{"counter":-1,"key":"aBttqjLnlGD/f0rBHy5xmnZ54f68lfmi8fRZQsGGTcw="},"chainType":1,"messageKeys":{}}}}},"version":"v1"}