{"_sessions":{"BW1s+z2HH/DnN6nDJC3sS4kfJqFCo2R3qwLQoocsRtYV":{"registrationId":1735594793,"currentRatchet":{"ephemeralKeyPair":{"pubKey":"BS2WuFnVTJPXrI+3X462BUxmS7I5vxY3TPlrPUA0TRJr","privKey":"cGUNqJeLcJXW2hALQw6UAraIR0IVV868ITrt36Lt9Fw="},"lastRemoteEphemeralKey":"BV52f4piZS45Awd4RUSeWCkmvSZGwvgjZXI+858NPIQt","previousCounter":0,"rootKey":"ZjnyIiJMNUgYVIvVkyVvkWeFv03XqLmm82iibdrjwec="},"indexInfo":{"baseKey":"BW1s+z2HH/DnN6nDJC3sS4kfJqFCo2R3qwLQoocsRtYV","baseKeyType":2,"closed":-1,"used":1714144356054,"created":1714144356054,"remoteIdentityKey":"BbvdQxllA9T7FMqzJJh+XtwbIqFzE1rqg0spwoFrxcxe"},"_chains":{"BV52f4piZS45Awd4RUSeWCkmvSZGwvgjZXI+858NPIQt":{"chainKey":{"counter":4,"key":"Y5Frny147hS9Nx9K8+ilQEJ0I1KMdP9xF14+cwYdHIQ="},"chainType":2,"messageKeys":{"1":"55g5FVDhjyobeEtklkTMglQl/0j5gwneM1YdeUK5xl8="}},"BS2WuFnVTJPXrI+3X462BUxmS7I5vxY3TPlrPUA0TRJr":{"chainKey":{"counter":-1,"key":"0/Z0vb0hiLSsa6wE44qy9lrpjM8pU2PzxCRsnPbcafo="},"chainType":1,"messageKeys":{}}}}},"version":"v1"}