{"_sessions":{"BZkgEB+X35a06GhqpjKuK3bKUit/gpAld9BsaEGxl/k6":{"registrationId":60,"currentRatchet":{"ephemeralKeyPair":{"pubKey":"BeqV+rQTHLAIenO0BIOHXougWncquYHV4g7GE2QYB+gQ","privKey":"wF2QhSFssixukBYka3XZMQf7/dbX3KgKGqZYCTM7unM="},"lastRemoteEphemeralKey":"BYMwdP9bHoi1WFc5j/e2whBRc1WEak5OK7LFLthLpMM2","previousCounter":0,"rootKey":"DWmsq3c6kNrTyBfgQXu3zPpYv6Of7Ngm2Q791i3c5Tw="},"indexInfo":{"baseKey":"BZkgEB+X35a06GhqpjKuK3bKUit/gpAld9BsaEGxl/k6","baseKeyType":1,"closed":-1,"used":1714126194934,"created":1714126194934,"remoteIdentityKey":"BVBKn+iFpkfjZhsHlqIhPewXhKOfcciHznflYwPB21gC"},"_chains":{"BeqV+rQTHLAIenO0BIOHXougWncquYHV4g7GE2QYB+gQ":{"chainKey":{"counter":8,"key":"xGDeyfFTr8eQrlkOcPGIOxnqCCPlsijllwhGRUTn6LE="},"chainType":1,"messageKeys":{}}},"pendingPreKey":{"signedKeyId":1,"baseKey":"BZkgEB+X35a06GhqpjKuK3bKUit/gpAld9BsaEGxl/k6","preKeyId":8}}},"version":"v1"}