{"_sessions":{"BabXYA9dNCziHyzXawjhNYDN6nNvENQ4zOLtbsRRZl9F":{"registrationId":106,"currentRatchet":{"ephemeralKeyPair":{"pubKey":"BZh+/4Eyc4FsEYbCwLgVplDd0W6L9toYGtaKKBWgMfx2","privKey":"mLLcIhep4fQ+vHokgfpA5+g+FacdHnQoXaPiB+o0vUc="},"lastRemoteEphemeralKey":"BdrTYpucqlaFwMnd+ds2G8e630UNaLD8I2Nq7rb04vhp","previousCounter":0,"rootKey":"U8RsEk9TEoZypW1RWmA/X9XEVy3x9ya79kAY8+6N/IE="},"indexInfo":{"baseKey":"BabXYA9dNCziHyzXawjhNYDN6nNvENQ4zOLtbsRRZl9F","baseKeyType":1,"closed":-1,"used":1714175307771,"created":1714175307771,"remoteIdentityKey":"BY69r8hIk9JI33ltVnIXG2pimudk2ehP+SLy6f38kDRb"},"_chains":{"BZh+/4Eyc4FsEYbCwLgVplDd0W6L9toYGtaKKBWgMfx2":{"chainKey":{"counter":0,"key":"3pUQLqohd10AyxTqsehNqtLNsphbNI743pnPrv11SeU="},"chainType":1,"messageKeys":{}}},"pendingPreKey":{"signedKeyId":1,"baseKey":"BabXYA9dNCziHyzXawjhNYDN6nNvENQ4zOLtbsRRZl9F","preKeyId":12}}},"version":"v1"}