{"_sessions":{"BfP6j/JD1wSuenfCoTld9F3SD/Xwz+PxP3XdThB5Gpo3":{"registrationId":298906928,"currentRatchet":{"ephemeralKeyPair":{"pubKey":"BdnCoKh0oflvwDHG+9rtopiY8X6r9a2Dojx2vxneXZ4S","privKey":"kIrZe1SbaL9eymjZ5KQgMQu51LtNU3shmTSSdR2r+FI="},"lastRemoteEphemeralKey":"BZBR+vwr2zHaiccxzN1iECS8CSk0FZPsv2EAqX13wD0J","previousCounter":0,"rootKey":"GobViYE6jBkRbDEfGuIpeWttDHJYKvQkejdlN3P1SY0="},"indexInfo":{"baseKey":"BfP6j/JD1wSuenfCoTld9F3SD/Xwz+PxP3XdThB5Gpo3","baseKeyType":2,"closed":-1,"used":1714126103566,"created":1714126103566,"remoteIdentityKey":"BeLz2n932qi0aIoSBNeXIEoYqoT/dHR/Tguh2z1HAdh8"},"_chains":{"BZBR+vwr2zHaiccxzN1iECS8CSk0FZPsv2EAqX13wD0J":{"chainKey":{"counter":0,"key":"PKp4RvmE8UxW1ZloT4XqSWZ+S7ahabNWfYnmmZDqf8k="},"chainType":2,"messageKeys":{}},"BdnCoKh0oflvwDHG+9rtopiY8X6r9a2Dojx2vxneXZ4S":{"chainKey":{"counter":-1,"key":"t/Oc7SFkx6PV43SK9F7/iZYmjgAyR7r01PfJXnUv+l0="},"chainType":1,"messageKeys":{}}}}},"version":"v1"}