{"_sessions":{"BS8yRIlfQe6eLwtGpitqK5Bkb1wYu9I3apyojG8NmKYD":{"registrationId":944826916,"currentRatchet":{"ephemeralKeyPair":{"pubKey":"BV/HlbUl0DhDp6QTdOoznJgi1SpvicyQF9J4cC3mqA8n","privKey":"KLWEb4ZD+kFzNxJ3DY0BHHTtFwqM8LfZw0n1x0m+114="},"lastRemoteEphemeralKey":"BQ/G+xlWGg/28F4TblZkGfA6RSFZJCv3rjr4sNwvedRr","previousCounter":0,"rootKey":"cBtnjH2+6K533r0gZgq8rz/kup1thKJLxIhEjsKm3uE="},"indexInfo":{"baseKey":"BS8yRIlfQe6eLwtGpitqK5Bkb1wYu9I3apyojG8NmKYD","baseKeyType":2,"closed":-1,"used":1714144355829,"created":1714144355829,"remoteIdentityKey":"BZoBS/Iy738NB62y5A6624twL1mslPq9Jr7OEFCwwXYl"},"_chains":{"BQ/G+xlWGg/28F4TblZkGfA6RSFZJCv3rjr4sNwvedRr":{"chainKey":{"counter":0,"key":"eRJqyw+FrlzBRK5Pelk3/P26178Y6kPa+2yAGRDWbeM="},"chainType":2,"messageKeys":{}},"BV/HlbUl0DhDp6QTdOoznJgi1SpvicyQF9J4cC3mqA8n":{"chainKey":{"counter":-1,"key":"2xrQ8ze1UdCRwAsDNYXQd504s+fdwcTU+4tZHBcSB+M="},"chainType":1,"messageKeys":{}}}}},"version":"v1"}