{"_sessions":{"BYw/iCYviUF+NNqDPGQ7wSHQtUZjSijU7iU/aJN1ybQt":{"registrationId":487456139,"currentRatchet":{"ephemeralKeyPair":{"pubKey":"BTSHQUmzxYAsLzrxscHf5Q206vonlFY6LUXsHH/ZTBlX","privKey":"SNjBrVE5gk/ZZFEJz+Ot7uScbNXmv0wdDiPoeFuTkH4="},"lastRemoteEphemeralKey":"BUvtiNci0Vktmfi95dFEPdh0Q0rA1+wNQMlVxuVDegZj","previousCounter":0,"rootKey":"HQtwUsrExqu4Jm3caKfCNOU0QGLbfAEEfCoTs+0zGZ4="},"indexInfo":{"baseKey":"BYw/iCYviUF+NNqDPGQ7wSHQtUZjSijU7iU/aJN1ybQt","baseKeyType":2,"closed":-1,"used":1714144356322,"created":1714144356322,"remoteIdentityKey":"BSVTXDslG0+1G1RaXhDSO4Wi4g2LevT9Ag850GlMgA8z"},"_chains":{"BUvtiNci0Vktmfi95dFEPdh0Q0rA1+wNQMlVxuVDegZj":{"chainKey":{"counter":0,"key":"nxXkcz7q0jnTZD4Dk0nrC8V0xXc5unMCmJEacag+glM="},"chainType":2,"messageKeys":{}},"BTSHQUmzxYAsLzrxscHf5Q206vonlFY6LUXsHH/ZTBlX":{"chainKey":{"counter":-1,"key":"2uZWMI5wpgh7jT0+3lQEqFOM8OextnMksjS6giIaQHg="},"chainType":1,"messageKeys":{}}}}},"version":"v1"}