{"_sessions":{"BeA7CrFv6r2A0Id52/0He1DdEXWtNPCuXkCYbLjNcJM2":{"registrationId":119,"currentRatchet":{"ephemeralKeyPair":{"pubKey":"BdwTaoQpYFggot7d0kE50nvPz6iSArkc3PacXelrbBFj","privKey":"KPoFBHxxqNO/bXtbNs4zL15wHxMfynGsN/MxOiVqP0g="},"lastRemoteEphemeralKey":"BQ1bH3HrNANxIQPqxQIetwyl7xVGlOZyfxhBsgXvySBl","previousCounter":0,"rootKey":"pK2TRZn1P+RDMu1oHYy27qzZ2GCQXqyR1TeU629Md9A="},"indexInfo":{"baseKey":"BeA7CrFv6r2A0Id52/0He1DdEXWtNPCuXkCYbLjNcJM2","baseKeyType":1,"closed":-1,"used":1714126194941,"created":1714126194941,"remoteIdentityKey":"BYXV8zI7VTctBRnL5ALY57Wm46tHr4MBJAvfYADrOv1b"},"_chains":{"BdwTaoQpYFggot7d0kE50nvPz6iSArkc3PacXelrbBFj":{"chainKey":{"counter":2,"key":"KABs7sGk5/F9fzstK7M9UqZOksnaXCLGjzbjRVTBBKg="},"chainType":1,"messageKeys":{}}},"pendingPreKey":{"signedKeyId":1,"baseKey":"BeA7CrFv6r2A0Id52/0He1DdEXWtNPCuXkCYbLjNcJM2","preKeyId":3}}},"version":"v1"}